Area,Bedrooms,Bathrooms,Location_Score,Year_Built,Price,Neighborhood_Type
-0.7352010347632466,1.798725018351312,-1.0955193888455623,1.6562082520572956,-0.8807540896027302,208667.6917822107,Urban
-1.6135613978767411,-1.3719011429313563,-0.172946059923423,1.4711703274936085,1.7117084801423434,197882.06326500268,Urban
0.651391251305798,0.9540017634932023,0.570890510693167,-0.3152692446403456,1.135565640180599,206001.70048768184,Suburban
-1.3505559643429832,-0.6870140996994973,-0.47579544400490115,-0.07587145068502332,-0.8261119917145421,194794.2581486834,Urban
1.5541604207147741,0.34233783448962146,-0.5309708978119645,0.8539759765522237,-0.33513778117145177,199975.32268434577,Suburban
-0.8369207037962799,-0.9163209190734197,1.0651719657143865,-0.14037505890533644,1.4526167454861794,206725.73140563848,Suburban
0.5219415656168976,-1.3204566130842763,0.7818228717773104,0.29698467323318606,-1.236950710878082,194989.59517792077,Urban
-2.0755880090785332,-1.2284438312657626,0.47154238041820573,-0.08606969279089306,-1.8311448783383502,190758.38675086026,Urban
-0.10434279298689192,2.814654444472553,-0.4151002889633696,0.3933070500053236,0.7007006121205837,212702.63207886356,Suburban
-0.05310680169691065,0.7638603516334226,1.144293068559939,-0.5509818035382495,-1.387868550455802,203852.98947065216,Urban
0.7793490039053323,1.2496189052966666,-0.9878733409007492,-0.03901951937754412,-0.8468509661253646,199250.42920790828,Urban
-1.1793691216326172,0.46248362406685406,-0.33638694541113623,0.1722543864110375,0.9603047962814704,202906.78878121826,Rural
-0.44643361455052827,0.1866091231563581,0.27902152577033923,0.19408999289830758,0.6078965097165392,201247.93774590813,Rural
0.924027019206901,-1.251113576385303,-0.3095464393139903,-0.18490213644298903,0.326133022242118,193644.245133853,Rural
0.22899639245934025,-0.7331561971099966,0.7719201548366751,-1.8579014513982872,0.44130715169924584,199246.22935335187,Suburban
1.0240625258114624,1.2083662305931424,2.006092888159123,0.5925269492011831,2.061503576636398,212934.93248461693,Suburban
1.0269862633197322,0.2125740306322149,2.1650560678066024,1.105900424357309,1.190548594343596,205897.16816799683,Urban
0.25972250172148187,0.048084946661381994,-1.804882100664519,-0.9043166251044086,-1.6275424378831627,196536.67961111915,Suburban
0.2010990467149675,-0.05761879703358539,0.3649610024662254,1.050654396007612,2.403415585238275,208597.13906319244,Suburban
-0.12951724686344077,0.5835443030118876,1.279464931657751,0.5798572852951321,1.0417246640588513,209464.30083540798,Suburban
0.12320480678448567,-0.1758858124323366,-0.8432465953161917,0.5514853760404675,2.1709427174978138,197998.35144662904,Suburban
0.8861911885847956,1.3510728924131392,-1.500221861446936,-0.06263957732723487,-0.7788370428204348,198700.96804446226,Rural
-0.6724855960063362,0.032407013340136216,2.0979393391324312,0.22327083592026087,-0.5256309339853844,199304.65256168786,Suburban
0.5500520990245519,-0.2246331499970246,0.9407711879882159,-0.9683444548636353,-0.9824873935383096,199702.71946718893,Suburban
0.7688396759688968,0.04930833152022263,-0.7316317389085281,-0.6082265074447593,1.8904406851557827,203401.12768836936,Rural
-0.221253623585772,-1.1032083657216831,-1.9663565893760018,-0.27681329988892067,2.056207129940322,192371.53816969716,Rural
2.165002344901084,0.45588777208160763,1.328194141849058,-0.643518230380143,0.5562300094006599,207931.8796029993,Suburban
-0.6813802350695739,0.43221669075925395,-1.014479726707414,0.9678260240252041,-1.340072071123935,201271.55820319775,Suburban
0.8925973382993092,-1.9701038177118355,-0.684629825760004,-1.2111719292807812,0.7906255991627686,194128.8320410179,Rural
0.8584511166566653,0.651136241823657,-0.4081008391602206,-0.2346205699574138,-0.9958153947902291,198865.82541915885,Urban
1.0062928092144405,-0.38455554422982535,0.047398671316414016,-0.5768918695231487,-0.8604133652839524,198803.42887546754,Urban
0.04852162794482699,-0.863990769679816,-0.48712538376469605,-0.8309501164110378,-0.5923939242388692,193121.77168613047,Urban
-0.03850846950070721,1.0786808334312956,1.6839276914578687,-0.17262729994081963,-0.45888426286894,205382.20331558032,Suburban
-0.6277339060845056,-0.2116669819311769,1.503419828428999,-0.2880388739220764,-0.3301200939664503,200032.37252534548,Suburban
-1.551512249058929,-1.3331283547778066,0.2887280030098363,0.6620518347584732,-1.1571166187132709,190438.61787429906,Suburban
-0.56060763684731,-0.12765468151819012,-0.4776455826040052,-2.929448690002268,-1.2551353719733949,195253.75062715326,Suburban
-0.7153037092599682,-1.0777447779293061,1.088950596967366,0.6795977489346758,0.06428001909546277,196028.92285391345,Suburban
-0.5615577463306254,0.22668424849459717,-1.7811584144656334,-0.5530898169141323,-2.230468019124459,198014.4969333308,Suburban
-0.38769991640856116,-0.8049664808525608,-1.1410085097527383,-0.41361566562964275,-0.1115088271429437,194591.76281446515,Rural
-0.6057149230033384,2.1573082132655035,0.6779258713392691,0.742095372009307,-0.48791140814570266,212195.42666091773,Rural
-0.5923559556520536,0.885231482988991,-2.100026507651624,0.12354769595558233,0.6255080168310357,199372.34518888063,Urban
-1.0766791274710135,1.220282896417717,-0.01987363536831157,-0.7625192391465982,-0.10726476581094174,205736.0412156751,Suburban
2.5797093376543185,-0.08828204835125482,-0.5574917850078336,-0.8036745679697308,-1.3698029795790778,193238.966937022,Rural
0.5914421517518549,-0.3240681752089702,0.7158727446909595,0.6802203604766911,0.2270344788648889,199181.24272081105,Urban
-0.38817681854122876,-0.30246968648812833,-0.33708597111803934,0.1704162223754877,-0.6134026635409398,193849.26987409953,Rural
-1.9511018640386248,1.2189707897936632,0.3099989831655551,0.1435879365051602,-0.05658848889989584,207064.56399866694,Urban
0.5779785236395572,0.6662696720435232,-0.9928660010855455,0.5773635251066616,-1.4452052644122255,196252.95502822066,Urban
-0.07566560432583026,-0.07397286359437803,-1.5769964821909972,1.9725421767898081,-0.8028244439508423,192356.2357848041,Urban
0.05194588580729943,0.7276295436369798,-0.07160125941406395,0.7326400772155792,-0.03722223650984159,204131.67205808766,Suburban
0.6955377575657775,-0.387099702474401,0.6687416555925126,0.849102110743144,-1.0917008761393143,196736.65866492313,Rural
-1.3810446031537749,-0.7859860326349823,1.0729780477660118,0.30381859560487573,2.3638724946193608,201423.29150603304,Rural
0.224216404290793,-0.5865312695639355,0.6102161695892225,0.714609790636618,0.15697296096843422,196801.89644628146,Suburban
0.31917451041918043,-0.7521564055905832,-1.4575514994649306,1.3404504460231446,-0.30920907704986345,193780.6547648188,Rural
1.5945050632249722,-1.4400508825942944,0.015579047581467534,-0.8469613483183278,-1.0962750868952018,191183.89310594008,Urban
0.47263034584340563,0.018016872044446585,-0.863493604964934,-1.3668583632808264,-0.031203488939083975,196068.326245387,Urban
-0.8583577801812136,0.1848361236948739,2.632382064837391,0.7003098794089914,0.4933179008808892,208542.40305829787,Suburban
0.10744437434089255,0.41768075223940065,-1.1564158167438567,0.3873714806329899,0.8500793324175533,201407.49941185623,Urban
-0.30317978283427544,-0.01941960588773261,-0.22346598237185214,0.7999419019420501,-0.3493167961181975,199687.50911837202,Rural
0.6577631761503737,0.26561699317253346,0.3794053976051097,-0.06953228624226938,0.690472686121513,201099.14003771305,Suburban
0.8080361894020714,3.112910201043841,-0.048965030858450255,-0.8480655980305086,0.7114105794654951,217424.9494927018,Urban
-0.600638689918805,0.37569801834567196,0.11092258970986608,-0.2916937497932768,-1.1509935774223028,202211.0584914239,Urban
-0.21560957856802238,-0.0070449854805546995,-0.4519493719118777,-0.37185788227866556,-0.7893385057196743,193555.98600795175,Rural
-1.4026052717996935,-0.6629009175509482,0.04059169120388238,1.7495767431869393,-0.7019916878067554,197047.56595970987,Urban
-0.0033744574109520514,-0.8181988834223072,0.7783610761666377,-0.17018462252492844,-0.5511857163285334,198452.83897791957,Suburban
-1.4769249275319014,-1.0973683189710666,-1.3902219251534627,-0.7393714074590363,0.15776143929376948,194746.3919705288,Suburban
0.7153813154412441,1.114321694668872,0.54711911517521,0.7181857257079345,-1.1808128153088449,199004.0131926522,Rural
-1.6127158711896517,0.6862601903745135,2.3146585666735087,-0.47193186578943347,-1.867265192591748,206742.825779913,Suburban
-0.5975101946916416,-0.2515388860444957,0.4620608932518965,1.4223698616985077,0.7833905092825955,199940.66010252808,Rural
-0.5849076534177698,-0.8463597198869729,0.2783486346446696,-0.47875857152168855,-0.5092133625991345,192186.3815068208,Rural
1.6871416350725648,-1.081548003614395,-1.4222537095976742,0.8816397569494505,-0.6465728842425266,190245.11274336476,Urban
0.22526411724754952,0.01840163078343813,0.32159321133923857,0.6927227551168594,1.7549330716472415,203095.053720914,Rural
-0.14994071907910936,-0.4629395120252583,0.8282296901846228,-1.433151814524712,1.090861670603698,202567.41242618748,Suburban
2.062524919243145,0.42359906559346105,-0.4036484632419967,-1.0675329142542729,-0.955122579349353,198138.17650482105,Suburban
-0.0681234251679531,-0.9665878909853152,-0.10128071870153288,0.3639706308527381,-0.5984375805810469,192668.45252026437,Suburban
1.1254347844147694,-0.8696630812746944,0.3764095260975166,-1.1894118928673278,-0.9020515543575104,193196.2982363382,Rural
-0.7469232850701676,0.0861108682589779,-0.06040372919690829,0.990166238959289,1.1277802506338985,199525.10387929424,Rural
1.0235306441853447,0.1566937282465246,1.6957228778108653,0.17528677893392386,1.8972886947731116,208802.80598406307,Rural
1.5007597906343109,-0.4281151609659125,-0.4937565831613125,0.8502217421134929,-1.556581898659751,189715.18730819324,Suburban
-0.4068852445043747,-0.23591652931212392,1.1039335467019071,-0.5347566708443231,-0.25628082425157245,204812.61567744875,Rural
-0.37058276240078286,-0.15936223214590656,-0.12205713212127726,-1.3480471119401671,-0.45784838618248924,198155.10409727326,Rural
0.00511345664246089,0.26105527217988933,-1.4635149481321186,-0.23458713337514692,0.29612027706457605,199681.8948554789,Urban
-0.1681438185847896,-0.620847598251116,-0.5426737997340217,-0.47209057769712737,-0.7877837519082389,193203.81856315082,Suburban
-0.45209033283308037,0.8823330623234091,-1.2504077339697175,-0.4700421477595015,0.6045153263553668,207366.75092107197,Rural
-0.19050310599781134,0.6404797952008238,0.9965705105794472,0.32405702822156063,-0.46649537922819795,200857.87245111552,Rural
0.2544208433012131,1.1677820616598074,0.08658978747289992,0.3376026620752022,-0.15567723539207948,205528.34471894195,Suburban
0.3485951198609804,-0.8792827824119881,0.48730523704499484,-0.12517442838316423,1.0719298652117972,201192.58947081264,Suburban
-0.8561698406617501,1.665351917623531,-0.15774698323148525,0.03556607403299353,-0.6416668201303823,205528.23050701944,Urban
-0.04865235157045115,0.34378788154988543,-0.9637589262106109,0.03279699541158651,-0.9571509148950429,195501.08015305188,Urban
0.27658150559104877,0.4197056083572659,0.5199021395287525,0.008556080824349832,1.8688178405438531,206008.84473039757,Suburban
0.324359281721603,-0.9037018607301281,0.40373009033660945,-1.1790397911598025,-0.024195606390916165,198480.8876854609,Suburban
-1.356581804623405,0.2935579321666293,0.7942646796218271,0.46642998243352635,-1.2542894231692494,200163.33575341126,Urban
0.8811467208133691,-0.5779207768327106,-1.5947559581633324,0.0013256887344072295,0.42069963101847885,196456.9861211252,Urban
-0.742484232538384,1.341475915530881,0.0036956718478473255,-0.4853058353678683,1.0114630354083562,206853.4957330027,Urban
-1.8316822472060261,2.067906338163552,-1.1738799644089726,-1.0513099116393445,-0.19793772898468187,206873.53697090835,Rural
0.5008444749444569,0.6380511014407572,1.732514999485092,-1.801057734152739,2.2313001461926323,210674.04296494013,Urban
-0.3286184757489846,0.638391925608383,1.6426729532559634,0.6031874310823431,-0.9006207346478687,203253.51998786296,Rural
-1.422974925261673,1.036087651046256,-0.20252422706483003,-0.9701242603796436,-0.5282970466629792,202305.83219637538,Suburban
-1.8593367716600575,0.7978437798957666,-0.2563406783724922,0.045491476330752,-0.5380477584901385,200421.51081480645,Suburban
0.29964768783734813,-1.6158867874104728,0.20475888240178416,0.9324348709546673,0.7658782794806148,194611.59542437264,Rural
-2.390304367469438,-0.5969742867210739,0.3791531187261241,-0.41222074502447015,1.2302221756507876,200214.7803241177,Rural
-0.22096417382966393,0.8773622905756714,-1.1583646891925428,0.02688583899453078,1.5033983017671506,210321.96133672533,Urban
1.0706105599791862,1.649480894323921,-0.7068925679873489,-0.7296024698074095,0.8555556590207121,209131.04060501064,Suburban
-0.016422896072752075,0.2237879516388985,1.7945578635177877,1.188393273448084,-0.5176112990361714,199081.08453640348,Rural
-0.061764199860128925,-0.24149744587077882,-0.28487549336967083,0.4794415180860639,-0.2561797524953801,197450.31359866436,Suburban
-0.8082657216409264,0.08531814256502405,1.7388996637975789,-0.8304444065565653,0.9788580507817954,206137.38214490638,Rural
-0.5305011476105275,0.7575077100473051,-0.22096959953322298,-0.57581824064468,0.6141667000434252,201883.78898568035,Suburban
0.6197387847028687,0.587855888137735,0.868772500590771,-1.911316891662504,-1.1863364271098544,202534.13215271567,Urban
0.3569727592669261,0.4096361186839937,-0.6083507646793376,0.08127842205619876,0.5925303073177614,202283.5344680826,Rural
0.44381942814622843,-0.7076694656187807,-0.48423407286625136,0.7746340534293368,1.2669111491866227,199994.6015071586,Urban
0.28872366282502326,0.7324921027798023,0.26402008133367,-1.6548874362282961,1.2723535001067678,206597.5410966627,Urban
-0.7353034606819523,-0.5244481362626519,1.78179890877106,0.7214793237573432,-1.6566232076777738,196893.21745218924,Urban
-1.4785862457798415,0.7708651938869668,-2.211135309007885,1.143754043206929,0.23561455810856594,199611.62509274442,Rural
0.2579759812211809,-1.548960525053475,0.19613145902390733,1.1038773433162576,-0.9040682897360003,194022.50873184815,Rural
1.0857863249393471,0.4676931717654332,-1.5029703283951532,0.09798315347089544,0.25373966149457344,200866.02217919676,Urban
-0.14720527868559727,0.2867741123825862,-1.1979664292172616,0.5648423586001226,0.887079776446287,203241.04620284715,Rural
0.22749587573205374,1.6095206657759729,-0.47417817510396487,0.635967750711738,-0.7717719573928751,209028.55227011052,Suburban
-2.5623336587953105,-0.9943493746085122,-0.5132135664715852,-0.19102776260016902,-0.22859991534001858,195769.3514160371,Suburban
-1.2767485758203094,0.27157883719537346,0.42961821913258585,-1.0810565404082624,0.20768768716311115,200033.1447565176,Rural
-0.09662367001488972,0.15805348992013185,-1.7518288067517191,-0.4159669279473586,-0.3899237065594453,199678.1092516012,Rural
-0.8153756283161211,-0.6382827265284942,0.2869558543017087,-1.066234931899225,-0.8319549174944512,196783.37496756384,Rural
-1.0565576427602528,-0.5289777080640152,-0.8245141615276735,1.223083067095325,-0.6085897232397004,198274.56316990237,Suburban
-1.1958830620351844,0.3946715298229811,0.5885784044206096,0.4446026682201407,1.6699045043514062,204101.1604657009,Urban
-0.9245641143780999,0.664927162301741,-0.5152183938082427,-1.5975991695954321,1.5301951988633513,205077.74132341103,Suburban
0.0953441994413082,-1.5648027713620551,-1.962625691672579,-0.2634482160822491,0.3496500472996937,194576.86269250832,Suburban
0.14304876987895235,-0.16212397547985843,0.5362909095171899,0.8496119885162131,-2.1961278210999464,196162.44748241326,Rural
-0.9403989164843533,-1.5821767633461272,0.02731337985143867,-0.5607609069798603,-0.04737070254443595,193441.48464712474,Rural
0.16805980596682024,0.3216785413765001,-0.7146806769904318,-0.9951484818533795,0.5212799050138145,196783.61601500533,Urban
0.45353430151397983,1.613711269058647,0.32135721545027307,-0.24415663529064868,0.42192075423528475,214112.3838344977,Rural
-2.0903028988531567,-0.6506598273683837,-0.30561061415380336,-0.1702582467959055,0.7309589763762161,199468.31937136844,Rural
0.32782117284308526,0.003375506597160999,0.5346290861224353,0.9242701395378298,-2.6357477390168778,191759.02909588773,Suburban
-0.561842099351699,-0.5294669635070083,0.5309756619640905,0.4793609534294223,-2.1782113197314303,194916.89706708927,Urban
0.15449366559525113,1.127908993253569,1.0059245117964166,-0.3365525898781734,-1.1274960989530387,202235.5755656759,Urban
1.813407698515423,0.30698107268623775,0.49150564724678364,-0.3428788615575641,-0.009288561567815747,204960.95368160715,Urban
0.1263141994832002,1.2725701629285695,-0.19819567637971988,-0.46913085421040895,0.5101574689151834,203111.48643480992,Suburban
0.7828737349485725,0.21273977585766032,-1.1140464501619933,-0.43112556957509907,0.25866114785538813,200264.33857610292,Rural
-0.6891878180895679,2.0752608726252655,1.3173940656343257,1.7359638031652493,0.19759960469239965,214569.72167572263,Suburban
1.23000057271915,-1.0263692076658921,0.7060789138151315,-0.9647054257507148,-0.24268127681203333,196948.05708489765,Urban
0.09284490114111471,-0.5487249077409615,-0.12853751143893075,0.15985639199740037,-1.881849045497639,193667.8133860203,Rural
-1.542801515209646,0.7640297815728595,-0.9478927172689863,-0.6327550298850391,-0.8343230454915821,195628.8794528254,Rural
0.7660802783846903,0.30179189981946597,0.46877425607502377,1.2269332238843076,-0.9983854391882915,199382.13657533546,Urban
0.07959786237603639,0.13429649724779288,1.3554428011054958,0.5540577711159071,1.1701987091966037,205273.1917053088,Rural
1.8314587658543537,-1.3202332070206422,-0.898414671348358,1.179440120721287,0.4919191715065057,196875.0099142581,Suburban
-0.803948414727481,0.6594512411136115,0.7564883543160984,0.30734561670797006,-1.9140600705874673,200459.07226163973,Urban
-1.1896666590903613,-0.6353623888256293,-1.876552706041874,-0.6243453897132241,0.6197114459661363,194793.92830438365,Urban
0.9458696436841456,1.2554036094598964,1.3697011076541847,-0.9005903525360617,-1.086054582118086,201034.96538785967,Rural
1.044160877069072,-0.48943944251822213,2.5269324258736217,0.6818914896263114,-0.5308687729203206,201926.443018254,Rural
1.4415686206579004,0.5298041779152828,0.8356921120651418,-2.4716445001272893,-1.129706854657618,201781.79393226467,Urban
0.7211353625455816,0.8814075289235711,-0.21566763754763232,-0.9162741005637249,-0.8729610904537004,198872.20382175007,Rural
0.9843223984765838,-0.998354040738791,0.23421473253652075,-0.21398884422550896,1.5505004928140769,197659.86116726053,Rural
0.28099186773503265,0.5883172064845765,-1.9520877995225019,-0.6226995198205938,-0.15178509503558332,195281.648351232,Rural
0.15946250680412918,-1.2172826922204794,-1.388542553831211,-0.8927875154918841,-1.60027110450371,188299.63958650635,Rural
1.5232386217122582,1.667224111551137,1.1834936668899279,0.7356219972457467,-1.1780408673763807,204155.21754627675,Urban
-1.77623523289832,0.14338846734225108,0.26125053123385605,0.40865281148067084,-0.36927713924620315,202501.83963876386,Rural
0.6454841811410754,0.7462535660272207,0.04643654815614881,2.16325472330546,-1.3598561409799192,201299.88201455353,Suburban
0.23924686411114954,-1.0727430257398065,-1.9792998103757877,2.0740826697499735,0.7479102561175338,192633.8216834159,Rural
2.601683114180395,0.24075317948856828,0.3088330125989638,0.5655096456315442,1.702214944635238,209296.3098792357,Rural
0.9163276747024814,-1.9982006845321076,-0.08071658010858232,0.3464884758979927,0.07863519031609059,190358.10617081827,Rural
1.1395555360254692,0.0798014840587331,-0.2243189708781048,-0.38736196455281124,0.8595848723435562,201069.16346973617,Suburban
1.6122782579886454,0.9528745472029388,1.3736585451629577,1.3149144535840473,-0.13744851462769186,203283.17760978127,Suburban
-0.6819842479977986,-0.24717738252059693,0.20838280794755248,-1.0016200098949155,-2.0417348684242906,192233.67239182536,Rural
0.6135179727304166,0.1200313267182613,0.4363236696740321,-1.0227925651984056,0.03800347816820029,200572.55809782876,Rural
-0.025574312191994436,-0.5089636257074988,2.7596600389110777,-1.7690759048891183,0.39241596717876703,201609.79168697132,Urban
0.5740712208940013,1.5898389781806839,0.9137716213855857,1.3995946451457935,-1.5457297866907331,208865.2659009221,Suburban
-2.0173387981224113,-1.2203206899439758,-2.914255989816941,-2.832325924984141,0.5232231857370332,194225.54480049515,Rural
0.7318707042882956,-0.3294477863470914,0.6791427754381955,0.3350580290841175,-0.3020454994898642,198050.09121903748,Urban
0.1946074552372427,-0.622649361734452,0.043602446372453724,-0.7424705856980482,1.695051040430753,199170.71103637666,Suburban
0.9003985883950636,0.8301918118626102,-0.6769951384585313,0.4512253193185082,-0.772659445270824,203295.89117704006,Urban
-0.4532484090230134,-0.14778031881747153,-1.2207124259141586,1.4524675344707454,-0.5081401976473109,194372.71453563753,Rural
0.8135096360006385,0.8254163489880298,-0.2176812032272203,1.305478807154329,1.09877685198719,201734.26053428394,Urban
0.28869362927985703,-0.2500465145989528,-0.6706202090766449,0.2603218387712207,1.3924653000643288,199357.1882837477,Suburban
-0.7991920066502536,-0.6459641791245353,-0.18289644110484016,-0.4827435221820324,1.3748764191481848,201794.48561135156,Suburban
-0.9846547848472624,0.12626773623406817,-1.5271678565896476,-0.7925234471152126,-1.055089368176695,198475.82943096306,Suburban
-1.1962066240806708,-1.1063349740060282,-0.47917423784528995,0.812525822394198,-0.18565897666381712,195426.72398148075,Suburban
0.1353383478922909,-1.0921212003485672,-1.7422216926352752,0.9944473755089074,-0.5460417988167212,192706.30706758107,Urban
0.6789312900592783,1.5905820726178503,1.6284685547723217,-0.13699548944245826,-0.28438464960650933,208974.14662252754,Urban
0.6952029000839993,1.3705361439967134,-1.0501407396021456,0.2837510236615011,0.7574951493374855,205943.09690337835,Rural
1.100959634998571,-0.2860042218801108,-0.9193845915864234,1.9583474542205939,-2.5302875227463297,190727.85442734777,Rural
-1.5304614097433769,1.558789184496894,1.146030144142065,1.6296421311127987,-0.7773714848459066,208611.11410112414,Rural
0.784002779310748,-0.0059547092127293835,0.2094700836477726,-0.18826133508630655,-0.9845340504819681,197357.28261271858,Rural
0.6116762888408679,-0.6769220003059587,0.324083969394795,1.030999522495951,-0.38508228041631654,195680.34510714887,Suburban
-0.11453984525261789,1.3538723741654128,-0.4691756521047048,1.2378163119734618,-1.7131345290908775,206506.1654989371,Suburban
-1.0921636327180897,-0.5892716517893062,0.4751677464953816,0.8347513263248821,-0.002403840918853844,202244.8731928983,Suburban
0.544220352340347,1.2949855848169558,0.3231854824582059,0.8458028725629282,1.2838168598535613,207657.5684843419,Urban
0.8303358165442456,-0.8498443694647918,0.24822058630033608,-0.8560838259088672,-0.4593608995402441,195700.13181941333,Suburban
0.4824724152431853,-1.0708924980611123,0.6256673477650062,-0.2234627853258509,-0.8571575564162826,194154.2709796211,Urban
1.7654542402810969,-0.6533292325737119,-0.3345012358409484,0.40498171096095553,-0.4749453111609562,192046.75648937933,Rural
1.1797252083607102,-0.23052462518025083,-0.513196364513396,0.1941076309533577,-0.7179188907476018,194329.34407384554,Suburban
0.5689830791852754,-0.5535882417079946,1.6391168054440675,1.628396623128538,1.6777008140764407,202415.46871226077,Suburban
-0.7079109406740753,-1.395448504755072,0.5070202721353568,-0.262746747686504,-0.05739536507403601,194478.28494462423,Suburban
-0.10325476014904739,-0.828497024780246,1.4898634386020821,-1.6431888111541673,-1.6009039784765156,197273.39608603212,Urban
0.6986888135170435,-0.5898923177556078,-1.8418977729578574,0.025210867540082116,0.8920675997317206,193613.6504917926,Urban
-1.0909664302151982,1.1267051368275833,-1.6624919880356743,-0.4108142879545848,1.0325462043416573,208395.819452936,Rural
-1.2457173764463845,0.9184544439424138,-0.2950899142379063,0.054934110999848726,0.975816719344709,204867.96040073608,Urban
0.8614365256328049,1.1058330662947127,-0.9626510119189763,0.2513166482381024,0.6927690318488605,204909.12077726575,Urban
-1.0065425652796411,1.3175975356079597,-0.29540141013902943,1.1398785611290454,0.1684609762696143,205371.8912222882,Rural
0.26256132900192497,0.8743891807127275,-0.8192578597214978,0.19358991136754436,-0.47622087354465903,201185.1297448895,Suburban
0.08669769941439658,0.347561613803552,-0.39719531614598763,0.3556689485632294,-1.1022697404558555,202700.717100578,Urban
-0.4622752887050425,0.09612077694098337,0.9382838059759977,-0.4344962274323156,-0.5160447282173739,197218.92671940813,Suburban
-1.6834381922209503,-0.20922187374452778,1.395683810789956,-0.8058700664961888,-0.5621680265783021,200355.18019155582,Rural
0.7608466543114778,0.8875039674140593,0.6715311717290534,0.06008599461516361,1.5280313593878327,208087.93487036042,Urban
-1.366878698415421,0.9343199112392737,-1.4848979684499035,-0.22476540189268354,-2.553921134901955,197732.05199581385,Rural
2.270692857804396,0.6327818661062848,0.3384964074944141,0.18186625505849516,-0.4152879139008013,204066.5877688367,Urban
-0.6500239344068982,-1.496529255090079,-1.8461878622380938,-0.08343796979036086,-0.92951086019241,191437.3088451694,Urban
-0.3135296861723979,0.3674816654743044,0.17521141890851205,0.9218015019772522,2.98525900260341,207055.05970503786,Urban
0.2773584619646759,2.042076040143744,-1.9689231424160831,-0.022278979183713316,0.10343812930810638,207219.14523263957,Suburban
-1.3230897934074983,-0.6389617476895022,-0.9913923494563072,1.642015160136369,-2.153390113603715,190217.79595385297,Urban
-0.9594392367234797,-0.22648409884983192,1.221033695525353,-0.372206776071053,0.5820977034686158,201608.84535108623,Suburban
0.5609194479412387,1.598647170504717,-0.3700110298821277,-0.29548031802916036,-0.25879606266710237,204190.17773959137,Suburban
-1.2968319479558466,0.18102155870370695,0.6628812686674127,0.3996879517526416,1.173473857485325,203466.69430952292,Urban
-0.3732682459413141,-1.027403551526011,-0.3918767653868664,0.6445184916452914,-1.017764309076953,194697.4663405182,Rural
-0.05152292852464606,1.0600897399086655,-1.3892987302109903,0.5030903686237468,-0.19569853114690144,200120.79234500672,Urban
-1.5031429531181062,-0.2595913513636048,-0.3357846992901282,-0.24574306408594432,1.669021525289393,201316.8389702849,Rural
-1.0710536796490489,1.235782191822154,0.4367385517335095,0.6802161054504494,0.40429475496169764,203290.61917697176,Urban
0.840620026504553,-0.5047749212282174,-0.022868062298882122,0.5467335682013793,-0.9993022322949108,197597.15203219716,Urban
-0.13216935564437185,-0.5898947564628909,-1.031955242094435,0.07227896538428889,0.5954908976392573,194918.3153274711,Suburban
0.3336621052869483,0.47897982574639186,0.07156623721939247,1.0375399442578992,-0.4776574467651167,198958.1202133115,Urban
-0.8000385643976464,-0.20298063739565708,-0.6256772874962124,-0.0635245746153551,-1.3192471945987674,192985.42487814752,Rural
-0.3431922754974105,0.26912694124510733,0.3080505395041023,0.6215718898560508,-0.3916485674217911,200304.50711469183,Suburban
0.5044832563830169,-0.6108576398050658,-1.5708814571259122,-1.5630343065712535,1.355572935710348,199284.88818559656,Suburban
0.3090474430326539,-0.12334406404611045,-0.3187483152461331,-0.6556877194614437,-1.029811848541845,194241.2740434584,Rural
0.018819049740598424,-0.37630072492499606,2.052972024501663,-1.1716543473175618,1.088769654216672,203081.53105106563,Rural
0.8135172173696698,-0.3220615162056756,1.5499344050175394,-1.2308643164339552,-0.7832532923362371,197153.3156442931,Rural
0.3230792731160291,1.6246784584695606,-0.9533286082587124,-0.2523535021262876,0.12267031599479553,205915.7917981454,Suburban
2.0923872756854602,-0.8182206832334725,0.09699596499271819,-1.006017381499702,0.5951570254369136,197833.6592626045,Urban
0.5581395145185063,0.04351466864346608,0.41486550036191044,-2.529560077694303,0.4632885301181062,203375.64057536202,Rural
-1.4789115687741288,0.3918040054025465,-2.59104229214491,0.18335991977915564,-0.5462444482524828,195747.8746286193,Suburban
-0.7050118557584089,0.4190190093660452,-1.2096410186912054,-0.05576907765770601,1.6725723868377034,199621.57830222772,Rural
0.9695690257529068,0.7899197221808523,0.240205843946223,0.32685540061043733,1.2531328247682434,205226.63919311986,Rural
-2.0634031524794545,0.5032520647495048,-0.645572072035395,-0.3173504922425348,-1.6610834155671725,197222.38704160738,Suburban
0.31978193414253697,-0.6013676439512137,0.1053755061459599,-1.5929937335316693,-1.3340254949182044,196683.8598724627,Urban
1.195480650825479,0.2766007655111807,0.3074035697196884,-0.5966290586117302,-0.8246122504347609,199939.55858095083,Rural
-0.44004448669698376,-1.4301413779606327,-1.2477831819648495,0.13074057728609134,1.6324113039316352,195107.9399147238,Suburban
-0.9075636620415979,-0.23894804686640975,0.2704568257798388,-0.5767713305683327,-0.05023810944913695,199375.8851425451,Urban
-0.6237689606958051,-1.0534155631736561,-1.0399059271255309,1.9140313538667861,0.6127739050625697,198246.3535058407,Urban
1.0760071385985983,-0.796025856803489,-0.7519693317388191,0.02131164867194222,-0.31905393566661816,193994.0758604366,Urban
-1.042044412243103,-1.2032008553891445,0.8745170741325226,-0.48720292119492714,-0.6497652268482671,198738.0202688815,Suburban
1.1096998419562232,0.6347214685617699,0.3506300992735592,0.40981865692851255,0.4891871301476635,204212.43070525437,Urban
-0.006521315229458062,-0.20149153394751798,0.6515219913395057,0.5987943895619102,-1.1376856704248166,198678.19409122993,Urban
0.6802302084176292,0.551885971822154,-1.3569355696995753,-1.936752702502465,0.223153054747697,196757.68555800628,Suburban
-1.479444223139724,2.303638752104789,1.0683793336940164,1.259233239786799,0.604120889588518,213091.94647696408,Urban
0.2678436378663333,-1.1534924259847839,0.9282456913443246,-0.8235349706258495,-0.49653173548196905,193107.08057772552,Suburban
-0.09858813228426173,1.41093237974627,0.44194064956940904,0.018849622944847662,-1.090399077442846,203606.8850648728,Rural
1.2784518626072987,0.028744822934817487,0.3686733088729012,0.19109906801990334,-0.3933388123273607,202009.00205754972,Rural
-0.8320613048498566,1.991553302204734,-0.6749340187905523,-0.5501152829365389,-0.4030759890650308,206399.58287000272,Suburban
-0.9186865114860944,0.5555126463422483,0.47363207681145447,-0.4173668136050844,-0.9263811299815384,202510.87909900933,Urban
0.7903718960517113,-0.2797601684958344,0.8132051867479773,0.34005129456889044,-0.2789629303318085,198000.637492868,Suburban
0.9552692372072055,-0.4841184945848177,-0.1286594463520559,-0.038742894989543024,1.4069347458917507,199373.96788611816,Urban
1.2795186697601588,0.4243939378610126,0.47543068252662346,-2.2168188393540644,-0.7955570679408823,202991.0558489688,Urban
0.13988723283912738,1.653617268492285,-0.7284616216803428,0.996118214911129,0.31952467078295543,207838.89669471816,Rural
-0.2453881160028705,1.8967929826539474,0.4127809269364983,-0.7537361643574896,0.82206015999449,213652.5448110114,Urban
0.8840453963610497,-2.4242402602729416,-0.021367294348436157,0.7368438970924334,-0.7472116791478234,188449.72961105476,Suburban
-0.8612842013282637,0.0773683076476183,-0.007972641316617372,1.5231240772696573,1.4799441388900259,203852.54178203232,Urban
-1.8665399513606162,-0.6004235657387051,1.321304032273012,1.0075136898369221,1.4196030045136372,201195.5574956524,Suburban
-0.014098965906671578,-0.8456731044941129,-0.15830547800966377,-0.0626482221218215,-0.18385389315920966,193387.51906060378,Suburban
-0.4442932600761116,-0.9787637157823074,-0.510016398854747,0.3773004930448522,-0.26987493529337125,190776.5221573821,Suburban
-0.47383934707091613,0.4240610444640897,0.2801611588196068,-0.014452270878279104,-0.8096035199216461,201984.38209073374,Suburban
1.0299608175811612,-0.643549832317462,0.48473281729447476,-0.33477533210654087,-0.8463566549908735,198085.2916542592,Rural
-1.0916251721591026,0.20953423026279433,1.0753434019568977,0.23384802578959837,0.2106684652031108,200425.05383061734,Suburban
0.19808476076785494,-0.024125087110003277,0.05921843401448826,-0.14436041192394247,0.013929291912946203,201357.8168380578,Suburban
-0.6498268854974364,-0.47741070619280046,-0.21713107494620248,0.08416823018569615,0.5265366836723071,202190.6316566967,Rural
-0.45965677227299695,0.9189148546583293,1.193112945851028,-1.079842447781487,1.0215153927818639,210376.48961158178,Urban
-2.198805956620082,-1.448013900416244,-0.5551995266931984,0.4400144500533324,1.8811570694405901,195610.92427995178,Rural
-0.9425580057918763,1.669069525826331,-0.5561187467607805,1.6147787907098514,-0.13006029355362003,212906.46360156697,Rural
-0.32602353216784113,0.8711247034316923,0.2897748568964129,1.2012139221639448,2.075400798645439,209347.68037590734,Rural
-2.650969808393012,1.5039929885826886,0.10643022769189683,1.0915068519224618,-0.2549772174208553,207143.27381974238,Urban
0.36728731340134063,0.8080577982811451,1.0859821161750323,1.8381836767951225,-0.535963445114048,202743.8112528127,Rural
0.1979166673420755,-0.6668487169515637,0.15712791899094083,-0.6074722876203072,0.17618982250269238,194881.20922672958,Suburban
1.4926885689595217,-0.8031789506803448,0.3673655068161781,-0.2711236010425688,0.9135846262332494,198845.94307457888,Urban
0.8113965544915921,0.8297324178791745,1.340461051790348,-1.1482632887526183,-1.2995812369275976,203392.13812215367,Suburban
-1.405189846803575,-0.04889718347410554,-0.2788833941507565,-0.05240445057746945,0.8451579711843216,199955.09476171818,Suburban
-0.6115178029919482,-0.7553829323533225,-0.7257438131534656,-1.4066610968482223,0.18676676447707832,193519.78539584443,Suburban
0.09806753953894455,0.6686548047579066,1.8486088332964115,1.2958717818630143,-0.1755639454992155,207101.56002054637,Suburban
0.1458364702153839,-1.4326712897396527,-0.40436199269002276,0.5852994365163381,-0.6862791357550845,189155.68676759623,Suburban
1.1945922205137307,-2.1899217049785533,0.23278674294016363,0.9583858198420424,-0.7567639770159263,190112.22290916514,Suburban
-0.5293321124483709,-0.09338685889994829,0.31745326125017514,-1.514470309180767,-0.33286040438251124,203519.86721271,Rural
0.8968393158655319,1.6122206282554243,-0.4830610516834395,-0.2685306479058323,0.14679301198554937,208522.93603689573,Suburban
0.17183933979353122,0.8902475008365087,0.8545252270666157,0.5532512199847837,-1.091933900395313,201640.51354548102,Suburban
-1.4247481862134568,0.06752820468792384,1.465648768921554,-0.5443827245251827,-0.22577630048653566,201740.31463775964,Urban
0.4147728907887909,0.00161903135694112,0.518871180440122,1.6043391083085963,0.49580502102757085,205433.43540576863,Suburban
0.31852100479887446,-0.950910729687232,0.7499002394237105,-0.9916966634403105,0.27926783821652595,197168.6844626619,Urban
-0.8756182533847572,-0.1903386780836082,0.5389100436846587,-1.382799730964336,-1.0372461543264564,198333.34828502891,Rural
0.23286808742689824,-1.2445425000847228,3.0768603701805035,-0.6080061429373236,1.360115900180313,200365.40131143434,Urban
-0.4547947173776929,-1.890010171182943,-0.3726755839519746,-1.0398065310268843,-0.24269874782528175,191884.8671659265,Urban
0.7228268949855121,1.184256645196173,-0.037893081716830875,0.11179915820338826,2.3883719928704386,209015.52534724312,Urban
1.1947628618769377,-0.2841550979287972,0.73463754545933,0.8946471875738723,-0.9858038086678267,196066.39517528273,Rural
1.2000789564268612,0.21128369227947272,-2.246889333984605,-0.49190244750620515,-0.6067002947652967,197165.4107632609,Suburban
0.9826831427699412,1.229990368438683,0.5433908278718096,-1.4000707231830092,0.003147726906326633,208010.20284909056,Suburban
0.41299891213779755,-1.58358838978758,-0.9587784561867748,-0.21406769772786138,-1.3525086894407223,186258.39252201468,Rural
0.9715709509543554,-0.2489641484790735,2.060747924881987,0.6453759495851475,1.7553408424432044,206863.01224435854,Rural
-0.4432822511915103,-0.933267959073196,-0.15852957302697002,-0.8848027140269009,-0.02730453950993186,193421.88089406095,Rural
0.39445214237829684,-0.4325581878196209,-0.4118769661224674,-0.42098448082026296,-0.48760622407249354,194495.52973268868,Suburban
0.40171172209894146,-0.1087601484568576,0.5193465142411723,0.6901439917111125,1.5327389130025777,201754.24253198758,Urban
-0.7677975651041284,-1.0041407667520679,-1.344450511034277,-0.03468488738678118,-0.9186519464841982,189927.19151867164,Suburban
0.1825010305992134,-0.04489303012253698,-0.3998990621311371,-0.6701152004542329,0.269294752580734,198857.18736580168,Suburban
0.2215584736242106,-0.11348064588214118,-1.0986204251778122,1.2347519140447951,1.4205042872710631,204132.55340397498,Urban
0.032004149065766624,1.5615111967268527,0.2992925804064919,-0.7534178703461835,1.301741289398798,208340.56929871906,Rural
0.23402445435314795,0.5530400858523584,1.8180619225578247,-0.24852861807444937,0.7751554940347831,204685.15202602933,Urban
0.5681032051286461,1.4473056993918065,0.19157739619408962,-1.0496554989099411,0.5062409893059261,203669.94542112004,Rural
-0.22247489677826537,0.12617790366196718,-2.5322460852196853,2.046862195719558,0.6820694900626313,200465.22669415642,Suburban
0.36163602504763415,1.0035328978920242,1.356240028570823,-0.6451197546051243,-0.07201012158033385,207280.2057339343,Urban
0.4004813865063287,0.17775010626803134,1.9532591375265682,0.13106518621584873,-0.5258796758952039,204209.697083665,Suburban
-0.4070363129267805,-0.9539394193966448,0.7307641190665245,0.6863184569567008,0.014273067836434106,198883.05311646772,Suburban
0.2553837556743171,-0.9254246260595873,-1.0138959522925377,-0.8953463223630241,0.08568716140335904,193106.32193369677,Rural
-0.07443342910004629,-0.24751863555150475,-1.5702247198904564,0.620672097550678,-0.7271371758248686,191692.73418523395,Rural
-0.45709625658627184,1.66125921454787,-0.027514905050636255,-0.6022120603617805,1.772251596669744,209422.40019072455,Rural
1.1168337755299542,-0.23950192202174977,-0.6113852473886282,0.18641616974404632,-0.09294420661358828,198047.8122032976,Urban
0.1895816165987434,0.5010941699398452,0.23836898273478513,1.0010460925671412,0.9751976297824297,205082.29619069566,Urban
0.39379729821625153,0.3687331473175197,0.8141517621182666,-1.92767257934561,0.48206672733538614,204046.6753193193,Urban
-1.5625458568865427,0.5159392177040995,-0.2813275571182134,-0.5290526773462948,0.06699071722487192,200100.43528486247,Suburban
1.1727568452674448,-0.9046143749937661,-0.23811043631205406,0.6654168236917787,0.04600274725327412,194278.92951524752,Suburban
0.8232799156777053,-0.8130143722601298,0.32208231076698546,0.2257615231117544,-0.01109200394860206,193671.49624678318,Urban
1.9234457948249533,-0.5482002981667726,-2.0820987031889873,-0.7746149700185819,0.5531491563792091,197438.98582792736,Suburban
-0.07783719701280203,0.883109777147159,-0.2918112689155441,-0.18047991359062565,-1.563190808696657,198607.36656965,Rural
-1.1388331177807691,0.6222071440434019,0.32674476460232005,1.0391117874202687,0.30047435961082836,205500.35431569477,Urban
1.2753907379990148,0.2647753109779796,-0.8505352787470439,-0.15171443357722914,2.4851899166788916,208772.81967612842,Rural
0.1488768039176911,0.53102609489421,-2.624817056374112,1.1815677164191463,2.549009708717722,205020.92815244713,Urban
0.20965941527462578,1.2389463529394373,0.18384954475369486,-0.49163618563204736,1.8005111815108537,211206.68500212196,Urban
1.3890243629627617,-0.22565638071225164,0.8139808601977412,0.6373246830230725,0.12861745040496653,204864.68694465765,Urban
-0.4430440211284823,0.6979032725390276,-0.8610879101735704,-0.47949296739924335,1.4033699701251907,207287.3224966732,Rural
0.02538842054241018,-0.04541121793223822,0.8595878869798019,-1.9196731561976563,-0.3871306497895146,200293.58479954395,Suburban
0.9638791167949097,-0.14700200162848862,-0.12982069973342616,2.2105230015913513,0.0438114719791096,197860.59307641033,Suburban
0.41293145427562433,-0.32138584165299344,-0.14705738150213865,-0.5637245528039747,-0.8254971967925115,196763.96315599736,Rural
0.09767609854883172,0.01259240078179486,-0.40122047188583626,-0.7730097838554665,0.22409248181041677,201600.3984293288,Urban
0.6354180302092264,-2.0038623644067535,-0.19382613877280352,-1.2392583948534726,-0.26451484131061076,188189.57782986527,Urban
0.2034636358672231,-1.6064463202575725,-0.12791759148076653,-0.7563507452843033,-0.9555404406004258,188706.34816327126,Suburban
0.4217800742508709,1.2912738390158789,0.15808922532318442,1.310191908080897,-0.2775442563155516,204426.74319435377,Urban
0.961987189071841,0.4486357645145273,0.2063617713254507,-0.23701197001262772,1.4621959387176369,201795.9789302205,Suburban
-0.11066536855732945,-0.7121738641760436,0.47004418736820214,-0.8966422273152082,-0.7076258948220261,197364.7793277337,Rural
1.6994359830087096,0.9005330773315916,1.0363028920724797,-0.40179502694163366,-0.5955349351838592,202767.52553602206,Urban
-0.3494393272169559,-1.3327773974796497,0.3883120054234496,-0.7725687487562407,1.2495049007061587,197797.3556881655,Rural
0.4865016438262019,-0.07049877805909122,0.056649924897107164,0.06447441481012024,0.5296927543567308,201509.91608088886,Rural
1.1539007342557472,-0.41142660711600243,1.2002617497388293,-1.8697416996954206,-0.463161362085399,198791.39490932436,Suburban
-1.2829922241885696,0.07682189106025536,-0.04692057887918407,0.99626681944714,0.47704082722312147,200369.73701723013,Rural
-0.7001208149391732,0.132969674146876,1.073631749859772,1.1950466289248425,-1.0265152994110602,198871.73439039028,Urban
0.213979910734222,-0.6997255079925856,1.9647251329163893,-0.11232804969082982,0.03526355197172861,201058.33266618053,Urban
0.5150476863060479,0.5137859509122088,-0.9378250399151228,3.852731490654721,0.5150352672086598,203761.93579331055,Rural
1.0560568090660518,3.1377485336599937,1.3744380931708173,0.22323891412915967,-2.1356742139786955,211029.52779107267,Urban
-0.1344967844017327,-0.039307287627631186,-1.0166831285764972,0.33385996656853467,-0.2440804736742013,201046.9028674725,Rural
-0.9224101844985025,-0.3917581490438219,-0.23893209916969432,1.6153756894694418,-0.36682441181468756,196649.880142344,Suburban
1.5655240292343404,0.37721187506452086,-1.5231869047837747,-0.0657502610729878,-0.5589218472715883,193429.56922894518,Rural
0.501782736167545,0.1600182258527877,-0.15589817793666752,1.1173988159024608,-0.5482872964906009,200492.314873856,Urban
-2.132595626154836,0.2810092502818063,-1.4359095238685275,1.0126374096440718,-1.3158158164275071,196667.40887475907,Suburban
0.7796605322693398,-0.30803428418574125,-1.1057046684859357,1.3103087461196083,-0.21492103028873533,197243.54589224327,Suburban
0.38343503140364416,0.49470565377503245,0.04435879751560705,-0.40930847409572124,-1.745707432859652,200607.86730785883,Suburban
-0.15083771156669531,-0.46580556911816284,1.75547569831549,-0.0739475656083926,1.5730197252148563,200116.3047061602,Suburban
-0.32267983884213575,1.5013336519554867,-0.7567950885694608,-0.25083301645504735,-1.4218106667418438,205539.88115707398,Rural
1.2382830714336357,0.5863640187550933,-0.651356893791829,0.02127157673606165,-0.5286166817497568,196914.21243810788,Urban
0.9592708260852069,1.4511436077950417,0.024510174258942714,2.1531824575115563,0.49799829124544975,211459.6999169294,Rural
0.2502002062516945,-0.3839712719523516,1.0519476177229186,1.9956674897839644,-0.9980606273144129,198291.76778574951,Suburban
0.2806364044901364,0.996858773465808,-1.1119670257741636,1.7586204841951334,1.4641772387524374,207495.3067817259,Rural
0.5533889830744267,-0.8451539584261589,-1.194522939766035,-0.03392522592790888,0.28580328679473294,194972.3442739282,Rural
0.8201581867554845,-1.1430193120737286,1.0294574815983573,-0.06468860503251848,0.8723153800284503,198558.85006171235,Rural
0.0917607765355023,-0.29900735046586746,0.8219025043752238,-1.9875689146008928,0.08704706823817122,201165.61137261882,Rural
-0.22979963057519381,-2.219300372747535,0.3278795241593574,-0.8514064342603136,0.08589300629333041,192158.7427763294,Urban
-0.6414815952229522,0.5161782871149584,0.513085420097293,0.43192254467394064,0.7250957868479971,205139.71200566794,Rural
0.6241198170521551,0.7916626939629359,-1.2141886127877322,0.6283455092642799,1.1581108735000678,204349.59359833598,Rural
-0.8256536828021421,0.44477380783159476,0.4080528468367557,0.1493634822711889,0.5507975722736632,203737.82952226006,Urban
-1.308820399119112,1.360658595838651,0.05993263026632825,-3.0195121558208253,0.2773769379581917,207148.2640387945,Urban
-0.3084827884558197,-0.21701705042437042,-0.7095798547491726,2.4267164863455224,-1.2585049106753345,194219.3736855742,Urban
-1.0257526836402773,0.216624975404619,0.33855287628591424,1.1008213984226052,-0.9379255765363989,200113.06826107018,Rural
0.055724912288694604,-0.12578692009964815,-0.5112156764311852,1.0941915184709485,-0.9896048202585809,194939.14782299398,Rural
-0.7837535211244283,-0.2885486958757048,-1.371673697230466,1.7349365758368085,-0.7094410024275466,194976.34845052537,Rural
1.2065089665083568,0.14671368643332283,0.6487098875896427,-0.8169356709872361,-0.16711808031685435,198670.09098833927,Rural
-0.4263575962055433,-0.7517910500951843,3.193107567844861,1.1484457091967548,0.29875290836568624,200524.69647200772,Urban
0.8929538701087693,0.8936976893891109,1.3305749040390402,1.8296202017160872,-1.1967886464263116,205347.23108449165,Rural
0.014688194729197093,-0.1340171666729177,1.196631486645651,-0.78489831308224,-0.6097829043193822,200808.91621383256,Urban
0.33802348110170816,1.2769653860881878,1.4185313451480366,-1.2070216478572156,-2.4878086565350794,202111.75668569873,Suburban
1.1223742187031596,1.534482101794515,1.0965471182302537,-0.4597646158304763,-2.191253851165281,202738.54634080187,Suburban
0.5345056484805503,-0.18319661872038787,3.109918556005361,0.8876554258738361,0.6067230591361827,204462.79678552324,Rural
0.9356783931474612,1.7522704434236227,-0.7778166875908753,1.2715550949941588,-1.1105758454658288,205661.65604621166,Urban
-0.31305803052315434,0.35561334878566,0.47240627788037737,-0.0007085945766459172,1.484116028535965,205102.0330989961,Suburban
-0.6078752606758179,-0.8372624310497003,-1.097302527632844,-0.5391227031489786,-0.5888668267386961,191917.83284246773,Rural
-0.4511588584089988,-2.832155598110569,1.0383788510193166,0.5517407999109204,-1.5193460754768424,184973.2054697348,Suburban
-0.4500128579958137,-1.1300693390403578,0.7505791675217656,1.2571492168625729,-0.41619440488525394,197201.94419080456,Suburban
0.019381237698025213,0.6455877121741934,0.015182942540433121,-2.3203155982304233,-0.9748065759228419,207927.1486037405,Urban
0.7083038472010638,1.188913371474643,0.8004095252276823,0.3514482075415829,0.7542913298135743,208742.47783952777,Rural
0.9039348410861953,0.4365598041576678,-1.072139011985607,-2.3629324355418384,-2.9213504834946074,191418.53971708083,Rural
-1.6167133749480143,-0.034550623953963515,1.6163000427219165,-0.22938233185546722,-1.3927354721669964,201339.05630705965,Urban
-1.237815498826849,1.586016816145352,0.11351734525124804,2.1330333746562666,0.6621306745210467,209433.2844105443,Suburban
0.5027844268951942,-0.14896930976729691,-1.342127748485115,1.7963608229269636,-1.365824155415439,188147.23927588912,Suburban
1.277676821898509,-1.5341141707356223,0.7116148780888898,0.33231401197959165,-1.1246420918378692,192465.1102825444,Suburban
0.5054701591666269,0.47635776935621926,0.8071225966373103,1.0602099074988798,-0.9735461997044687,202142.1426439553,Urban
-0.10960980392583083,-0.4363858905265686,0.5462842480036996,-0.08836295920533532,0.0064222698109378164,200240.4533072948,Rural
-1.1212437400943918,-1.9955317804517385,0.4935602043342916,0.9294099847908155,0.2908970575900059,192889.7989120868,Rural
0.7090037575885123,0.19652116970147013,0.6427227598675439,-0.08973569428722672,1.3291525301324314,203395.78617750952,Urban
0.3411519748166439,-0.0771017094141042,-0.8895144296255233,0.27669079933001905,-0.8158102849654383,195753.11320600996,Suburban
-1.1071568168024517,1.2960630617813962,-0.524662407066803,-0.36550593698526584,0.4936548476431509,203256.364820785,Rural
0.45768658605355206,-0.6068651778571754,-2.238231233324972,-2.7475048427252347,-2.120700152635066,189267.62508770704,Suburban
-2.0503574572842003,-1.9493717553224232,-1.2640061679473638,0.7391804947015679,0.4861847915619389,190908.2062701818,Rural
0.5470973811700379,-0.5915713888358299,0.117327383308782,-0.20219265243389406,1.277664895788425,199025.58626285056,Suburban
-1.0773760769847582,0.8794170411374032,0.33085130461557777,1.3764964500195378,1.451001438131336,207919.35778558784,Rural
1.2788658133133932,0.22228985580085406,0.18517553682991406,-0.952316380738797,0.42544486418417227,204381.37827520916,Urban
-0.9627325652846123,0.1704637709965709,0.446872500802698,-0.20661127969604665,-0.34254920085776497,200824.81294880266,Urban
1.1218578562304709,-0.9823035803773146,0.41644603810145264,2.3200407220172594,-0.05390484900573916,191664.09194623487,Suburban
1.186734620177331,-0.712220763649051,0.1480894197982762,1.4363354057059785,-0.8810683366612923,195380.22741642385,Suburban
0.5697672802322039,0.4567532191537839,1.1172958315881276,0.44770856001731496,0.34272534637770413,206051.14848740783,Rural
0.743264094022715,-1.348185422105713,0.3078017688920592,0.17086543812794186,-1.7101683926566256,190672.66858093324,Rural
2.0565435648295414,0.606850593215671,0.4826878872092127,-1.1308884353259157,0.4200944904518413,204735.97189193487,Suburban
0.33126343140356396,-0.3092123758512146,0.9312801191161986,0.9755451271223592,-0.8392175232226385,198601.80738836524,Suburban
0.3436182895684614,1.0571222262189157,-0.7198442083947086,-1.763040155362734,-0.4606387709597875,203410.86726054334,Urban
-1.0325239035275395,0.9413105807674833,1.0715431522348857,0.39792704994680894,0.19063559126502433,206699.70308222834,Suburban
0.7094518171390395,0.1904996797790664,-0.09053328230416077,-0.43548637056984335,0.33198033056901455,194357.22494507837,Urban
0.12029563171189886,-0.1423794850212935,0.6228499323474987,0.514438834058749,-1.0676204293825944,198814.19306041911,Urban
-0.6994952201676432,1.471034690817104,-0.23130094292969944,-1.0370660735699961,-0.5764195763348439,207504.36415693347,Rural
-0.9933586995819507,0.21209335307417523,-0.3256110521485036,-1.0158788269899783,-0.1643352058853912,199745.76619563877,Rural
-1.7476365098282616,1.7120402840178925,1.2208212988130478,0.43477006455689116,-0.8767737812118448,209443.4971285162,Urban
-0.01208894784605456,-1.4511756900515589,-0.12754912037753421,-1.252393444413119,1.5111549302473475,195753.9159274657,Suburban
-0.28744751940035557,1.7246966497611085,3.9262377064363267,0.2873289044030093,-2.0841129394985884,210655.75698788214,Rural
-0.19692180799688955,0.7319555025098458,-1.5978721344948377,-0.46458107811561833,-0.6300249795338944,203068.50840948493,Urban
0.7510994545073101,-1.9754877712171375,-1.6891830379672617,-2.0650830462563206,-0.47126374070251964,187732.94092959788,Urban
0.0678555105274033,1.281016361735113,1.0800480657146485,0.8527736751222195,-0.4473218956587512,206468.0446894606,Urban
-0.1599385299634271,0.8576596232020194,0.3109075655980046,-0.01901620790268883,1.475356216949552,206611.58709655507,Suburban
0.24608361531640882,-0.941022700666379,2.154928677383142,-0.8022800271395435,-0.3152966552861244,198300.48818480218,Rural
-0.8682609615983323,-1.0861262991814098,-0.28509425704201397,0.09781329309330739,0.1386451837100845,193080.36245204016,Rural
0.513907849658915,-0.6777449705248515,1.9389289990582848,0.17958178193959795,-1.0003313246055747,198206.17622756152,Rural
0.7600559636896026,-1.5047203740310022,-1.4063174636718339,0.08243975293450329,-0.08310557262869477,189730.40724520353,Rural
1.2557561255735208,-0.4787486216634773,-0.30917212346863937,-0.8946073022195039,0.22213377163371284,196413.43262491206,Urban
0.9191541736100015,-1.19363683175648,-0.646227309843803,1.0005823180429783,1.775310892609512,196138.87424320597,Suburban
-1.443604262169765,-0.9500634974661272,0.66536893503283,-0.4829098394605177,-0.7961368031864954,196640.94094939568,Urban
-1.5137143926128271,-0.7084067669104628,1.9011906857530074,-1.803139676255945,-0.060660813814620775,195095.6125891087,Rural
1.4816634024625988,-1.0589075870566005,1.9541574337502863,1.9625871905307948,-0.5057467042619367,200351.62885649252,Suburban
1.6654744444625766,0.9826909839455139,0.472597482413043,1.0143700650181304,0.25602973431387566,208551.89144305553,Urban
-0.9266983088473107,-0.41299782214343406,0.5950294658355647,-0.03143917037477642,-0.5574230531083212,197186.04107423493,Urban
0.48074457976798396,0.09988695440921298,-0.7613552698089406,1.4967104074459814,-0.8782632528234666,196234.16868436095,Suburban
1.0581183250871502,0.6386601686431024,0.6032475005713938,0.3676198402097109,0.29815846599052565,205150.57155119974,Rural
0.07268052432934134,1.3183023248526693,0.7396531517246714,-0.4114931445621802,-1.9093560875072928,205489.24178751893,Rural
0.9753124584779789,-0.5014021468856367,-0.752435237353035,0.5156280884439565,-1.466785190615677,193093.8477123123,Rural
-0.8022772692216189,-0.3427145165267695,-1.4153707420504142,-0.16128571166600914,-0.42064532276535904,192360.59319903405,Urban
1.0960699074773985,-0.732968899123759,1.261519252535516,0.4253213083301104,-0.6671890847775054,200122.6454674518,Suburban
-3.007632339693757,-1.5656480316055963,-0.4958781720101493,0.5711794062192087,1.0973001875437087,195401.10470191095,Urban
1.1260502507721681,-0.029262813684978354,-0.36961033604363397,-0.05139372358848624,0.37710039390218647,197394.8668932802,Urban
0.3483417392461269,0.3440539215634665,-0.912810919296513,-0.8978300664256293,-0.4174303819894322,199676.02099003264,Urban
-1.2899608997410539,0.07331796718840389,-1.6548566718657693,-1.295078772063616,0.8231705839619146,200338.51656024042,Rural
-0.9885911071509175,-0.09833962679474989,-0.28067507686677406,-1.103589317215771,-1.6929568141953855,198779.39356037916,Suburban
-0.5164296438875717,0.4547409121411344,0.820344012612456,-0.19646658342809717,-0.03361256470371301,202925.83910299948,Rural
0.04693490206036963,-1.9782252493748103,-1.372859451481064,1.897767016745977,0.35147990035220167,189229.19088830292,Rural
-0.0350076100062359,-0.9899577925520139,-0.49693202511797824,-0.8110008636288448,-0.18256897437954112,194610.53306657367,Suburban
1.987275999230808,-1.3683150388328105,-1.9122549754197768,0.9113627221747217,-0.06863404608546861,190493.2981364,Rural
-0.049029340838036735,-0.81240234893742,1.5944423917491968,-0.16036008104483077,0.678946987762233,200766.5419613808,Suburban
0.9504238381860503,1.8761708392158862,0.15039378647620763,-0.5769036556624031,0.34175597577715944,210204.39073851745,Suburban
-0.23093453020867796,-0.05429486651781221,-0.2727235697476705,0.6962063648134184,-2.6968866429415717,192783.34473656726,Urban
-0.7837656655863965,-0.234407800316322,0.26348721533105957,-0.6905410523162594,0.2942241290134937,201166.3718147406,Suburban
-0.5830774385689385,0.8604734883597454,0.30740669780910074,-0.1671217137864115,0.8157372125392968,204767.11217466992,Urban
-1.7033824393551547,-1.3801014582148914,0.07409478041977519,-0.05554769889661878,1.6286155455712918,196856.91077885043,Suburban
-1.123494033239598,3.152056734512085,1.362562852712452,0.242882013150275,1.6406145634882874,221890.02383956878,Urban
-0.6056155397368641,1.0399046873960764,-0.20932367715186612,1.8260097135469362,-0.6690727386599166,199013.63710147276,Suburban
-1.024186824329205,0.6308116845547775,-0.12174750838328353,1.8540925663341883,1.513449743242131,202740.670201784,Suburban
0.3842020720058965,0.6719446078144975,-1.2699985973938759,-0.9944285217997922,0.6688401305462182,199550.38819843135,Rural
-0.5388418561927383,0.26044226333355597,-0.6967718184295749,-1.008554684076208,0.5820265670847269,198473.39407425202,Suburban
1.2718924219386565,1.0703651602299298,-0.2430611988808665,-0.1108125602790875,0.0022879361435040493,201096.42246386208,Suburban
0.6504500925361392,1.4015985929464294,0.5225141052657575,-1.503080301759818,0.4183982208886837,210278.16670301845,Suburban
-0.4586386361010845,-0.5893322314273619,0.39542098538803816,0.8567024802425557,-0.9575689550152119,195976.37581347753,Suburban
-0.9730689408815555,0.11958036841415326,-0.015309849172995557,1.1965715016644913,0.5792914996010884,203926.9403411686,Urban
-1.2376624223272978,0.4822489526806572,0.07595526791608741,0.8691560643892732,0.7426824183597224,204447.35443537938,Rural
0.681359510442948,-1.1022921498364233,-0.5312142946075985,0.4086073077017676,0.48387665118803974,196683.90177911049,Suburban
-1.1996975283653082,1.0697714549838502,0.5827375831738644,-2.3161438629688766,0.4968735905075971,208722.0880984391,Rural
0.7717961772356612,-0.8873294588557712,-0.4536363875916828,0.35625278870608357,1.7262265456356325,196800.81582947128,Suburban
-0.09605989972464987,2.5600845382687947,-0.5756378262377739,1.1492733262856758,0.12200981464536144,208995.42749356112,Suburban
0.5436001545944323,1.1727290192593647,-0.6716233679380516,-0.37061433208610595,-0.025554070991445278,199566.5120715001,Suburban
-0.8903178480198718,-1.8437935834807457,0.30170000890173554,-0.06407776414871663,0.1755362295785979,193897.98848543456,Rural
0.8474216771504216,-2.172669546014036,1.1070806692869728,-0.5353281859539227,-0.12038116395359824,193113.0476507357,Rural
-1.5839028234857233,-2.4238793266289567,-1.889540730945531,0.7604146561442974,-0.4523063192490767,185627.65218306362,Urban
-2.839078659485427,-1.1511537365528692,0.8622235118869771,-0.809380821082754,-1.4162270557926455,191911.35199076385,Rural
1.643378155804534,-0.3202978045366419,0.02845758118315888,0.36064789143579495,-2.077811819856197,190437.9628507846,Urban
-0.10594835430413566,-0.46531045678005334,-1.2295495944524168,2.6443433470170348,0.4966992232365217,194719.2189954618,Rural
-0.04015795064434341,1.8009404329108156,1.4401172154494728,-1.4307751021180481,-0.6763923020592697,209130.8274087116,Rural
-0.06418416128881928,-0.3613105619672905,-0.3021805869826214,-1.0105982199289134,-2.6031370878272986,192036.12895977037,Urban
-0.3856726309778482,-1.3346106069102326,1.040061819902576,0.43450264609130573,-0.7397711639729673,196543.74937728967,Rural
-0.4694743859349521,0.7674347291529088,-0.23413695694918055,0.5425600435859647,1.5792128155073915,204582.5305208728,Rural
-0.4545477187434442,0.13192796677195706,-1.3367254388759306,-0.218653277435036,-0.4118233689636573,196993.13407284455,Suburban
-0.32034730819432017,-0.48388583405432156,0.1979107834626478,0.4241659464019164,-0.6514180036144483,197033.5697008759,Urban
0.026091050210833786,-0.6248185776956788,-1.8408742313316453,0.517659020469123,-1.2795769667357015,193416.8168028887,Rural
1.1818910929599615,0.4875602970867186,1.1717179147161596,0.4809080927488954,-1.1761733365547806,202378.2796254058,Urban
1.42274813609994,-0.13427916218630415,-0.5827586576115821,0.9262154022415924,-2.438817158276429,192700.11858291103,Rural
-1.611567359102828,-0.3464265060068996,1.855503314794263,-0.26265952031616774,0.22423474453529177,205816.48589916178,Urban
0.4572804046152411,0.08199555641356042,0.6683404887180808,1.4558223221467665,-0.7341737987784958,203400.63377248915,Suburban
-0.8392096673390064,-0.3649527295428853,0.538296079049633,-1.0448091940210336,1.0725073373098022,202488.4103802714,Suburban
2.0750650393485417,0.4964001177339411,-0.4877053729487446,1.1801281737415277,1.0743330047702437,202747.04905158308,Suburban
-1.3386057997232488,1.4532606633210343,0.7215625051261435,0.6929186230316111,-0.23086637384476896,204033.91335386745,Suburban
0.6103702654334648,0.7472936051232618,-0.8289950109220723,-0.020901593964148132,-0.5601810401969696,198455.51381937583,Urban
1.5781180575621845,0.21471318317052634,0.2522403964266774,0.9854496856152184,-0.11622904312195817,199425.48211242998,Urban
-0.3212427661179117,1.7388513518533313,-0.11676591579524663,1.8325570434792018,-0.6355578414044034,204260.82571202182,Rural
0.861636124497944,0.07814306296964744,-0.5639474880582432,0.13906039865341766,-0.8162172445419648,196449.61040078758,Urban
-0.7597031174802871,-0.782003492511037,1.0018248536819372,-1.7710685530880912,-0.49757083838520716,199074.9840369459,Rural
-0.194908280352681,-0.1512732836535117,0.08958068125524882,1.1337700968670645,-0.1973384203073261,196200.1100235604,Urban
0.8764556455029355,-2.1523835446091804,-0.8617030702562581,-1.5614932224418594,0.03003147916408217,191816.35011655366,Suburban
0.6276062975618311,-0.8744356483399182,-0.24775241823970925,-0.2795074632965335,1.3204140097838342,197341.8965698699,Urban
-1.1913034972026486,0.4738329209117875,-0.7143514180263678,0.6565536086338297,1.8657745111447566,204234.7512782988,Urban
-1.3281860488984305,-1.9596701238797756,-1.2208436499710222,0.19686123586912352,0.2088635950047554,189280.27085844777,Rural
-0.30372602877666466,-0.6581164890752567,0.8250982646676347,-1.345870923473215,-0.8671302157109003,194214.87695423205,Rural
0.5040465155178444,-0.9857260463355437,-0.06267909727317188,-0.5302576183724408,0.9551423205012383,198433.64454508162,Urban
-0.5327254982169035,0.3243402100148682,0.5148835960763722,0.8396638644311888,0.8199252526352343,206310.2459569216,Urban
1.631856899089109,0.20232879642280202,-1.2693304965466992,-0.7330329955239894,1.7025146581296056,201948.74846896814,Rural
-0.12402138738999703,-0.5694497744921104,-0.8220760118279274,-1.0642200068173489,-1.2192844665221938,194814.1125071077,Rural
1.52100622715938,0.46667098196608103,1.205994516546816,-0.9489165208248372,0.7774073527645112,206852.41292873706,Rural
0.4240668615184512,1.3522026788671444,0.3076126681891964,0.03944704824073949,-0.524567013767051,206514.77843887784,Suburban
1.4288577078135674,0.17847666388538974,-0.18150316213566714,-1.4741321320421057,-2.1770650464428547,196043.66334044177,Rural
0.4753656106920102,-0.8523867660741036,0.993782214530439,0.6324542166423008,1.3739143852114495,200687.7292458202,Suburban
-1.5811907020321334,0.5087250232299338,-1.5841359430054898,0.8950383140761154,0.2671266510114834,197625.26917502415,Suburban
-0.39963618561460235,1.7269638512334051,0.7223813578277714,0.22468472575188592,-0.372833152091767,207058.51084780312,Suburban
-0.6122367345077503,-0.33130838318332273,0.570612997219531,-1.085150526557798,0.9681846605328611,204991.60712687467,Suburban
0.4523717962497339,-0.07964139124571515,0.02421945667275807,-1.0623935281468797,1.4122205554154292,203278.8913113487,Rural
1.5886269280435958,0.14098269961206,0.1455211977682408,0.6954024745502987,-0.6141225650083162,200299.15756123193,Urban
0.8657551941701215,0.5049872789804571,-0.7925207384327007,-1.2002964070557762,-0.11473644146689901,199448.42183439716,Urban
-0.5176925728692147,0.696167997159289,-0.5791241096357465,-0.08809124402907328,-0.48083378951197936,202700.62439899665,Rural
0.5578103063518622,1.3902075490173134,-0.025026958745143917,0.010352619843380607,0.8177662992002871,206935.79229399495,Rural
0.18455130319703697,-0.5642475986573886,-0.5518581458924467,1.5421099525678756,2.5581992856682523,198343.85657774753,Rural
-1.7787202489042786,-1.244654703311417,1.876795812558066,1.496044311489183,-0.773789199103573,199056.64644686907,Rural
0.37405656984757213,-1.9937356425714554,0.33088023221445706,1.2276689924732922,0.8335289616089246,194344.63785649836,Suburban
0.1994239859867671,0.7547332980678092,0.6813623265753054,0.4730382821602152,-1.1536922813398585,199132.749665107,Urban
0.5522999376795232,-1.232523314768509,-1.3671378064602457,0.6256309336460009,0.8481742126666681,190825.3229957709,Urban
1.3728484746765302,-0.18039168176240783,-0.19003903500149447,-2.211861911329507,-0.3574454228104272,197375.00288659515,Rural
-0.21910052880886424,0.32692737376416264,0.0184183791895517,0.8294055811834892,1.6764373122752827,209855.50821929506,Urban
-0.966156723370417,0.8728243510056346,1.3931812579349059,-0.07938842440570287,0.8393491142316022,208034.3138291729,Urban
-1.222895019555564,1.9203675021442612,2.1247714030169615,0.07125374991089249,1.3313390619884031,215466.0351513984,Urban
-0.32789471651291785,-0.009300321138614417,1.1210306673244714,0.15519068385897913,0.00020706491819709385,201032.88406462714,Urban
1.0213832954293984,-0.5647740041709423,0.43295982536069616,2.088442772869925,-1.3776175007542373,197978.41721181595,Urban
0.5059655534558652,-0.9645377949101913,-1.0240285908863795,-0.7282722024066131,-0.2798103423770061,191448.3229650458,Suburban
-0.543424771133765,-0.03275327021599839,-0.5736620068802363,-0.7128457826771644,-0.5468589412403921,197210.8381256509,Rural
-1.0021874557814727,0.04091917539572113,-0.5441140021141926,0.7408243454201259,-0.1627929060722942,193073.20850605104,Suburban
0.39069592092814415,0.3405892164004968,0.271495310825648,-1.326472128311083,0.5514762752395233,203420.43005204215,Rural
-0.045586016355497805,-0.6919080698812444,-1.0700847663261526,0.24333944932269183,-1.5255251709247388,189645.86560351955,Urban
-0.9697437196346744,-0.9855396007209299,0.24365722370271442,0.11053531747394013,-1.0902084067994298,192297.8994023351,Suburban
-0.4713157211511179,-0.5655763678739903,1.481960768436536,0.718417423471641,-0.28321803894523256,198773.03029309836,Urban
0.570507208354516,2.184096733380456,0.5152943216244674,-0.5806483025539511,-0.8342818100346248,207070.17504565103,Rural
-0.5663945912147232,1.8205439079418155,-0.22153659758373817,0.8316167861804036,-1.176962112769968,204065.24991894717,Suburban
-0.7239903317426091,0.5913492417584003,-0.15129922023252232,-0.19539035117702397,-1.3957892021924851,200548.5045529063,Rural
0.2871241652018242,0.9531366339132451,0.7082144232565571,-0.6124373746404379,0.23321613126350166,208512.56795463274,Rural
0.49774308909139425,0.23007075919140207,-0.3206676255571917,0.6659242520544614,1.7952113559123222,202907.33007102297,Rural
2.01527511046064,-1.889649292096153,0.3631156277445234,1.2906444609225471,0.3111099911431952,194069.82076225046,Suburban
-0.82688035403986,-0.877982586756561,-0.10015407647995278,-0.22647889190152676,-0.20367375017696587,196762.26990316616,Rural
0.6833289928110694,0.03793783544760203,0.8872908372667421,-0.20931381957936157,-0.7632861041785816,200799.00572150084,Urban
-0.5522230442809712,0.4714155563864041,-0.5707462937494763,0.6329318177555108,-0.8323555731042287,197660.52018944873,Rural
-0.07016571145864703,0.4591800792284367,1.0807807255546218,-1.6609609335159914,0.8339221545489041,203917.5270146803,Rural
-2.0858978777333372,-1.0084487325473497,1.5287478505409084,-1.4720370730267915,-0.08104596472174376,194135.6922300831,Rural
0.2952799406208684,2.0420696529278803,0.6460061871145515,-0.7764991404930003,-2.3716593608588923,205688.72904849023,Urban
1.1401490385212665,0.49822174849678513,-1.111457956937032,1.5805406865683735,0.24650477843200488,195776.7654171011,Urban
0.5705986685931593,-0.6626237589458467,-1.6694052811213718,-0.7632591565425169,0.543360192379935,196640.6701261232,Rural
0.21930233720043607,-0.8963326585920618,-1.0701915628943317,0.7918593103880676,1.719040612841821,199328.66963369213,Urban
0.22391413406466143,0.5524899544171478,0.440474737960399,1.3641404299738442,-0.019637798926681216,202896.7293862424,Suburban
1.0536417966078395,-0.9758732529773327,-0.9232332461109043,-0.949398888831943,-1.3516846056163336,191557.07140799979,Suburban
1.2004139079444254,-0.9716140385106515,0.1846803058649084,-0.6568942789713957,-1.3471262895296965,196069.69749550568,Rural
0.29219272832637316,-0.6677795564688862,-0.9096834169818336,-0.1873290184063747,-0.936506374789596,196125.28895544301,Urban
-0.09884520123930605,0.19548173155329082,0.4914294527201998,0.4359753895000459,0.5697603571986469,202416.1344958702,Suburban
-0.7281719009698155,0.0828325705180999,0.5872624134641767,1.7481370691208353,-0.20562785364324765,198002.5323067811,Urban
1.8876876573401904,-0.41360553342164424,-1.907807557877391,0.5565531245337582,-0.8603850107795019,195089.33310155093,Urban
-0.016610342325908987,-2.837506441397379,-0.30964971398806124,-0.10581875749769788,1.146027575013415,189708.68422152937,Suburban
1.0305805856240573,0.5107920885275947,-0.9077561801469204,-0.6578345538521371,1.5192839236417688,204699.89260694024,Urban
0.5002404694365699,-0.06100397185538355,-1.3724655478841008,-0.5336003064391669,0.32297450361766816,196966.2813899389,Rural
0.8377642215465891,0.386382653848061,-1.5449373466767586,-0.6792306531929551,-0.5393050144632704,200875.3664263094,Rural
-0.42930222451725997,-0.03703679704841202,-1.3200225112207058,-0.692420979873856,-0.6117690909052854,195945.85438745742,Rural
-2.081929407883722,1.7547941819843647,0.6060099513456396,1.6964563682900382,-1.280429352496283,205713.1680723314,Rural
0.007063158628176452,0.04977368718096008,0.5752050161065663,-0.6603211394734471,0.5006657213812097,199567.84785321658,Urban
0.3896045240919878,0.1158245872269461,-1.37383482489866,-2.220421008935126,1.3784696274615047,199744.04785141913,Rural
0.6709112482768751,-1.1200474224698722,-0.009844808650383004,0.6037905202778941,-1.6885051880685,193354.74930602452,Rural
-0.2646568332379561,1.4535340771573169,0.8271832490360238,2.720169166589619,0.01300189187790702,208515.91102776275,Suburban
0.6863535550145331,0.4892545350763276,-0.253676077542381,-0.8388926740257363,-0.34516470544979644,200099.5774938484,Urban
1.0324652605511468,2.1221561970126332,-1.2608839543350452,-1.5193699659540134,0.9178619470547761,210801.994425594,Suburban
-0.13944627568099954,1.2038844371688162,-0.31607285602704976,-0.4501892648514116,0.6157711497711416,204753.10684050544,Urban
-1.830632896856457,-0.6540756831274238,-2.703232292999237,0.5112025995249807,0.6778753195309076,192374.49308812956,Rural
-0.7728776678236091,0.9475264621228578,-0.38851845308888583,0.4070522871245351,1.1241127199860135,205491.16238850902,Rural
-0.18315047105329468,-0.048088507330772585,1.9351540400602292,-0.35667313417987123,0.8155010224442626,205845.12861404044,Urban
1.1618783026081905,0.07005216311318138,-0.1044492185374715,-0.9273531341905741,-0.16882172319001063,202404.78018934993,Suburban
-0.5846177306571996,-2.0870270186020687,-0.6373077470287948,-0.031058932870901952,0.45838670355148425,189140.34473812836,Rural
0.24395319790850026,0.1733416643704082,0.16476084123651674,-0.22320225463480511,0.05088770185601806,198554.6529466335,Urban
0.756788679986982,-1.5355721232071058,0.3161559571827783,0.6124687940136023,0.46926758980852623,195894.3263413859,Urban
-1.6728939013115742,-0.24907184465304072,-2.0362205028559366,0.4042128652773321,0.047493468251642953,192992.85378008022,Rural
3.0788808084552377,0.3112501545435361,-0.24903603955637832,1.1195749114345768,0.5765569630557664,201922.9983478185,Urban
-0.6654222981294605,1.2809395766667275,0.29497145570882155,0.7219034854381414,-1.4972576451786446,202393.37451064587,Suburban
-1.1533505105959594,-0.9455068799427312,-1.0753123930492379,1.1373145423647293,1.676393027208203,198481.59679336078,Rural
0.18106274277108234,-0.8852486861242225,-0.5505519317084877,1.3032780373160637,0.31635832153614474,196185.90323575042,Rural
-2.4980610174929394,-1.0584406336416528,-0.6683451948468017,0.200459631413729,-0.0610756713523761,196009.91362523398,Suburban
0.6159356069442637,-1.0810633275998973,-0.3609661658190799,0.5931012579683838,1.159329803364248,197803.93667751199,Urban
-0.846793718068405,-0.07282891265687277,0.714000494092092,-1.5148472246858646,0.47323762457354485,198548.32914225664,Suburban
-0.33078922432755736,-1.1036698285303692,0.9784221120280351,-0.7801991291174627,0.5221425459339358,200753.99009358228,Urban
-0.5583017539460305,-0.6172531865469232,0.4215866106144557,-1.100154232971695,0.8389405004696122,200230.15240815142,Rural
-0.18144906924751675,2.3079162506161106,-0.1581538443723203,-0.10633700253131496,3.2430929695947333,217839.18958845432,Rural
0.14693529838668778,-0.03633060804234174,-1.6846675772263868,-0.5221315700199924,0.1909165241437107,195397.55889921554,Urban
0.152354872033722,-0.5240883979345925,-0.6947131310890582,-0.8224199323822006,-0.409282438113104,197489.01766006765,Urban
0.8949243769444413,-0.7184072655691974,-1.243863235391285,-0.2949496782920278,-0.6929051977959073,192755.4980892887,Urban
-0.42688106994742003,-0.15800789857898942,-1.6924646297148194,-1.0121043752601675,1.5295503194606137,198048.50302048738,Rural
-0.5976676832548571,-1.8210860692944963,-1.040193719815898,0.370211889941741,1.945195074276933,194064.2454098513,Suburban
0.010233061019587049,1.1631637521549596,1.4412732890661155,-0.9815086510479509,-1.4358621511794394,204503.38095120888,Urban
0.32445860435251705,-0.4817659710934752,0.5583364232117055,-1.803862792562365,1.8566474365619547,197357.76512734857,Suburban
1.9114190871397234,-1.0708524186844388,-0.41790954576589057,-1.2804555710024668,-2.025807873111377,190453.39701950856,Rural
-1.8206033005485172,-0.5703513664136806,-0.25885440036983165,0.2700573583914221,0.35250496835687956,196435.11100003403,Suburban
-0.1131280525157404,0.12307820165618115,-0.032280611049470324,-1.2992163634458243,0.6405429350747734,202037.17577884026,Urban
-0.6028206557839616,-0.099094300241269,0.8467707752164937,0.4322629506341555,-2.1272274203514954,199595.29050049954,Suburban
1.0800560591393102,-0.9642000714232447,-1.357517539841935,0.9427885141400756,-0.9006713825124801,191212.0271453343,Rural
1.5284684264125317,0.26859227886325693,0.9278401280812372,0.5078357562896237,0.0570131248970845,201875.4966424647,Suburban
0.4581681147886987,-2.128734094414812,-0.16563141031763223,-0.9797212247168068,0.0785770297191498,190763.51458898158,Rural
0.33417641724489744,-1.2417605754816243,0.07748051851886253,-0.15525904882474875,0.2577525401427507,194242.5794920388,Urban
1.41418728833109,0.5873916998060122,1.6637328321434735,0.4473939370689756,0.30524312653135294,205670.0484650064,Suburban
1.029413100955326,-0.25276325509618536,0.249548189598077,0.796701927070742,-1.183056184734389,196632.46307353926,Suburban
0.5432980290363879,0.12229750303228377,0.12522450264790727,0.04886007032570433,-0.429405541125253,200579.8725634202,Urban
0.3123782104665717,0.3733485597113982,-0.3600392687569827,1.1927351654164144,-0.7280770978553212,198978.52252390917,Urban
-0.35802937974698623,0.4912076654119963,-0.4835614838465371,-0.13939720066323416,-0.6121669171548207,202217.83998055442,Urban
0.41055008532761655,-0.057390703001542406,0.5843141664353099,-0.2310694774576803,-0.10047572057170515,198415.45882153342,Urban
-0.16306696394376388,-0.8818746512277178,1.0701502383164274,-0.7449026448064491,-0.026521259249060063,196138.7013468793,Rural
1.4521176991825604,-1.2291835978004162,-0.5706404302001128,0.014149264965758293,0.8524686434329506,192095.92031737458,Suburban
2.1422703586118637,-0.02435459226098284,0.5228354880354996,1.7275431701007113,-0.573700003938579,201204.98840766106,Urban
-1.3993061748019415,0.49986412374037137,-0.8184286659420014,0.3676492929914216,1.532367724678116,207376.73122998924,Suburban
-0.9175028210142636,-1.1225448062444139,0.8187776437548606,1.0176614668435024,1.5379319184125528,197896.83244579704,Urban
-0.553649305347182,-1.035242322419374,-0.7928728322623442,-1.1978778925888485,-0.10703035995455783,193369.2769425645,Rural
1.3511140899867151,-0.3756336657655356,0.2113965674706589,1.292745289518207,1.0626572907875265,198186.06738742595,Urban
-1.1165244399486591,-1.7073579575929467,1.5337277099164992,1.2358116200069387,-0.5358014630522978,195020.71556876024,Urban
0.19473619471877485,0.655900776529761,0.5935567222808619,-0.018708756445897416,-2.9403886346642802,199350.69643357093,Suburban
0.09965136508764122,-0.5662977296027719,2.1904556258099785,-0.5034756541161992,-0.9905363251306883,201297.8254908453,Urban
1.7611881248673737,0.3616610612470166,1.0613709648731335,-0.0003136726117747121,0.5320061988219431,206133.96161677252,Suburban
-0.8353470532597573,0.27899416222380197,1.2477420726737338,2.1451491277733883,-0.6734906242438685,203807.5546383108,Suburban
-0.9080240755212109,0.3142473325952739,-0.5622875292409727,-1.4123037013352915,-1.0128311203344238,201171.41066788047,Rural
2.0236062192296393,0.18474057889572446,2.0895387216947734,0.006799844559997769,-1.6076610271180587,199406.642398777,Suburban
0.7760279138434754,-1.317131919946585,-0.9457460606967811,-1.0022170189267248,0.6082461916849685,190155.36960911553,Rural
0.9694572005267368,-0.8661748482145009,-1.0276751409259581,0.42719436187168486,1.2657078408647007,199569.06236125392,Suburban
-0.13958962815517376,2.0883747047807275,0.9980101098596522,1.1081828167375165,-2.8962553781936893,207103.34105552564,Rural
0.37114587337130883,-0.2030453860429927,-0.7968952554704768,-0.6039851867158206,0.57707212718054,200432.05468829093,Suburban
-1.913280244657798,0.24196227156603412,-0.46341769281246226,-1.7249178325130328,-0.46572975357025687,202162.20953073254,Urban
-0.6176416769336966,2.2816518365388427,-0.40968659262949736,-1.5350402475323597,0.7123221595801621,215859.45273269987,Suburban
0.6234071382799156,0.04556388114189831,-0.24861585376667736,0.7034401331388942,0.6266136372630708,200282.50735884556,Urban
-0.6946003691631446,-0.45909031021899177,-0.6065033882157397,-1.1543626682329844,0.4559041951707027,197902.50747914886,Urban
0.3241663524884421,-0.31026675659345604,0.02100384163275905,-0.13014305436768459,0.6819529712949639,197434.859826222,Urban
-0.6095122021592831,-0.30522470435466764,-1.3118362323501596,-0.186971302985446,-1.0651136630753726,195917.4597143663,Urban
-0.37144086599579146,-0.34268759408034877,1.246085192497629,-1.4075116947178212,-2.0733902324081495,197648.5702725656,Suburban
-0.9811655311396816,1.1941094030473725,-1.7258067287905967,-0.46440426230938764,-0.6775646523356551,203278.08937013234,Rural
-0.5397596803093615,0.34758170536167105,-0.18398333635267913,-0.7783047254023127,0.01843393306539316,203502.83438505157,Suburban
1.0495527153193351,0.6351718016819695,0.3934853854217496,-0.535235211560568,0.8951932200277323,208399.127030933,Rural
-0.514782674914742,-0.09482423128087224,-2.6307301368290634,0.24353020418634463,0.38837572923016833,193860.26265991127,Suburban
-1.2391070756539009,1.5490201514951873,-0.573601772896901,-1.46752526575244,0.1018562952619867,205677.0846669178,Urban
-0.4482246163001494,1.2528426344274837,-0.5859276733177553,-0.6922503292658964,0.32910677871012955,203671.76823670906,Rural
-0.24066517453021302,0.25719897035592737,0.5861658003927833,0.007880184694728152,-0.4124138182164804,200214.94781917916,Rural
1.191707497107065,-0.15024298879825998,0.07287409801551539,-0.08371795984921201,0.0731969910016945,198907.55942765746,Suburban
0.41960997202411815,-0.09445871444200275,-1.8179792253871547,-0.8638829605897661,0.7597122954841684,200930.35928931207,Urban
-0.7157599891107518,-0.06717829004935526,-0.9161919154812425,0.6820520657126199,-0.8318222082304447,198058.9796032874,Urban
-0.35084943007647457,-1.9495617177543672,0.6089053562546319,-2.2183477600510813,0.2620668090867255,191826.8229985089,Urban
-0.0332299906444608,0.10855970577652314,0.36150352520610163,-0.2081168572725397,-1.1437262073206618,197530.9111055269,Suburban
-1.2390527025266425,-0.10343122429028392,1.4974316831796264,2.095843501809159,1.8577023435377324,201983.91846495715,Suburban
2.271449745422796,1.4891131083282896,-1.385987942398998,-0.40439742318396127,0.5055892418358746,202783.83111266347,Suburban
-0.1421465369405461,0.5904220612514635,-1.2578681559088878,0.33868731792169,0.7313802525749924,203484.52374398353,Urban
-1.911640550651757,1.6786746733725662,0.6336610247740587,1.3111674978026244,-0.6981996746110497,206369.8128190551,Suburban
0.8128621188389601,0.30729952087660933,-0.6929095952606542,0.6296288419236122,0.8995998754332507,201186.590813177,Urban
0.7591551603026468,0.541462728204788,-1.1701130260593595,-0.5765104007267194,-1.8019804375800197,198150.10725426418,Suburban
-1.6453987469568918,-1.389572466763596,-2.499405714873573,1.0225704320096403,2.2909425725907417,196954.7115187375,Rural
-1.5256563145700948,-1.7608088119807759,0.9325908318730899,1.262584103427182,-1.4183657329330317,190867.38020084304,Urban
0.3824097461840506,-1.1227220215622986,-0.04946370965243295,0.1664522082130561,0.6748194921666038,193920.9051929517,Urban
-0.6537663386488198,-0.9057323008626189,-1.7730324682068814,-0.5956612940434921,1.2619215007139917,199596.04265330793,Urban
-0.535316712567659,0.4961991873633163,-0.3270173176097711,0.5114995753618614,-0.21345677935043825,197327.99347783806,Urban
-0.14760258629866868,0.32316771418478146,0.14088624691120394,-0.46603650186824225,-1.7684393655628516,198026.38857100985,Urban
0.1920491164900316,0.39331783939437187,0.14171691363990474,-0.3091164642025014,2.319329539981694,207286.67308535238,Suburban
-1.2094769354188053,-0.30085974714082625,-1.1617838439123638,0.38897872935218375,-0.28313889674376713,196590.3978051261,Urban
-1.5486182988637467,-0.1767741631157821,-0.20585943088034037,-0.4911537471421047,-0.7465783465402389,198233.46867519445,Rural
1.4104591452035038,0.08382662792936094,0.7045065398247231,0.4097627959594974,0.7890566873755189,204073.77081180684,Urban
0.2337859117907477,-0.7699732310586418,-1.2239402667622565,-1.5558956462036273,0.03408346825922607,193853.52423162333,Urban
-0.8275902206487197,-0.3670278390833223,0.6931056072631441,0.08614388304637476,0.1764415552772252,198428.10601379306,Rural
-1.1171864617070024,-1.9670697035871523,1.2005316584738726,-0.1858457521927473,0.14035986984804696,194599.57149309016,Rural
-1.1939250063990554,-1.1267674689098053,0.4477169258102776,0.14294309476370676,-1.5708761520684993,192566.8820107216,Urban
-0.3079615296390403,-0.7924199209999613,-0.6751782749743815,-1.8936146669537857,-0.14451867071551783,193447.8734978403,Suburban
0.020793707675407894,2.0574954697116987,-1.0097307047099375,-0.7280029412291344,0.6191542610051978,210550.62348048371,Urban
0.5348173363459102,-0.8866809222834573,-0.3078084711388841,1.2289805024890619,-0.838585798447231,197899.037509877,Urban
0.19405194360587402,0.3207857259326839,-0.29748220087385013,-1.270061088712032,1.3119837385739466,203080.4604153093,Rural
1.5230298564080254,0.6476885381006925,0.4967141530112327,-0.23415337472333597,-0.13826430117118466,201607.60050976503,Urban
1.1535903433169254,-2.1056469418403245,-1.2845842656999693,1.3863493972628433,0.9778155496862003,190433.45092961026,Rural
-0.42018681709585726,-0.5228600271532683,1.453384477117701,-0.2817846088605072,1.5795721457307124,206018.91411730205,Rural
-1.3510743662080213,1.2446795807367868,-0.8254105299789551,-1.3224579567435701,2.9490944253087252,212372.48477615282,Rural
-1.8707919210258557,-1.008086310917404,-0.4080753730215514,-0.35151348404130867,-2.038124535177854,189411.0344307543,Urban
0.543479378670093,-0.8463159774657358,0.10575379127148042,0.1998104337187135,1.2637066776546686,200216.5842648414,Suburban
0.028318376130461172,0.6815006973726244,1.0531528533329035,0.02975613949574519,-0.03955515385665504,204974.46810057672,Urban
1.2816437950037687,-0.31771509675623405,-0.6163614080394775,0.5576910607251245,-0.375196380323937,197536.59562631542,Suburban
-1.4018510627922809,1.4027943109360992,0.7910319470430469,0.5868570938002703,-0.9093874547947389,202443.40849418344,Suburban
1.355637858804951,0.8696059201056602,0.7569886166453519,0.41343490322370086,-0.9221653241776254,205154.89591801364,Suburban
0.13069002446438233,0.94881309647162,2.343654052812625,-0.14152575336694828,0.8707466445884032,213193.40005330014,Rural
1.490726136849952,-0.213442870930208,1.5307508323436974,0.14866745720211155,1.2187618516973167,204737.54872238974,Rural
-0.8798143535020543,0.5628808601743548,1.230874513154735,1.9870611116994412,1.6850142787085094,210488.38870606286,Suburban
2.1898029332176723,0.18334200573835174,-0.7673475628880495,-0.8082982853551515,0.8723206367206782,202544.9545066283,Rural
0.41379909745149823,0.6337768809320985,-1.1875984190295128,-0.1852876588777083,0.3098207102270275,200417.26541881816,Suburban
-0.8568518651277993,-2.854626662904391,-0.626315276183007,-1.1260539609110503,0.49406391897551966,190373.1547634866,Rural
1.0251091525817735,1.9483426447898131,0.9411818664199697,-0.6538983883255765,0.19189773587303607,213754.4624071999,Suburban
0.015618333949603047,-1.405567019178642,-0.7847619081277034,0.9022771737866472,-0.370508098590029,192069.8734107193,Urban
1.4437646040732595,-1.251539424190444,-0.24123605785632987,-0.0821511783925688,0.3520553965142968,195473.79529230544,Urban
1.5985381120963413,-0.2598001407675125,-0.31823752774262026,0.8021284586181193,-0.7811563781311142,197339.78046341985,Rural
-0.06259312789952241,0.10420110395187607,0.7589285897867651,-0.7539645888666763,0.2811914239693758,202262.65881369516,Suburban
-0.39767969361460404,-0.12372894627483615,-1.7931064525345768,-1.1840305582225594,-0.3828171896129687,201362.3902014236,Rural
-1.3944950688592617,0.7565646749131401,0.5140625524247758,1.0538915522958832,-0.4611697320346189,207272.15089814423,Rural
0.5268979236657937,0.9513062442994834,-0.0827150238964932,-0.1908722195531798,0.24309172766069878,202539.74817691155,Suburban
0.23225369716100355,-0.6800247215784908,0.25049285034587654,0.29307247329868125,0.3464482094969757,198968.81412947743,Urban
2.218780233448134,1.6259589153620633,-0.29983819627488056,-0.1590452104000513,1.904136589573007,208801.72391378356,Urban
2.076747983560841,-0.3216350512173826,-0.3486521344078592,0.38193545223155334,-0.3492577043184288,199909.80697642223,Urban
-1.1430049127304835,0.6387302220291846,1.1055259329579838,1.633431532301096,1.1870303055603801,208171.0062238186,Suburban
0.6592456684324051,-0.8170886310681906,0.21329370737293857,0.9375701376265584,0.0012054753622242368,193658.84862458232,Suburban
0.19259691873130513,0.06936980265806943,1.635797806135815,2.3921096352739926,-0.22104246353705057,202300.406194548,Suburban
0.9725544496267299,0.632407739055521,0.7077519354554754,0.6218099622171964,-0.5624667758942676,203001.65220600687,Suburban
-0.48536354782910346,-0.23681860674000887,0.7589692204932674,0.08187413938632256,-0.7728252145375718,198988.6724078709,Suburban
0.0976703767483354,-0.856498237409199,-0.9938626748348534,-1.2644984069549656,0.4201915428949916,192370.6517689241,Rural
0.9503075919735757,-1.067802921579193,-1.616310608436588,1.7106133725819253,-1.053682419146354,191457.13305631976,Rural
0.07715649621771674,0.4283166923752375,-0.5193963718261266,-0.5938114080687051,-0.3409078773460798,198298.1503250103,Urban
-0.668144085538994,0.9192289345752035,0.11327041053776446,1.8732977762175456,-1.4382779783173667,201105.72630151626,Suburban
-0.7309300399419191,-1.3793192280145272,-0.1769472274940494,-0.033126972873797095,-0.7982972445384537,195064.91200045135,Suburban
-0.2628908292082677,-0.01926037973439464,2.412615421612916,0.02246589281204638,0.7846042878980238,205252.1902176296,Suburban
-0.27999330187447974,0.4281862478105761,0.9134737320174066,-1.2790307362197864,0.5376299029498797,203399.6364194483,Urban
-0.36361221221385587,0.1503017614618776,1.1033018820165215,-0.056945623721067457,0.11422764866203965,201531.6906830251,Urban
0.973101561015072,1.159381043300522,2.0931979322099448,-0.7790927393767005,-1.5118834195632136,206887.99361896125,Rural
-0.21113023882769444,-0.7191533192424201,-0.8911922254152874,-0.987179527151184,-2.151815401329305,192968.38405192585,Urban
-1.3631740045928105,2.0243096232868525,-1.5981243518837476,0.18970616761039566,0.46217266608194285,208270.09406693422,Urban
-0.5041798310076715,0.31965182591897723,1.192507512477975,-0.08152267310164589,-1.7785875840065168,199563.87435676262,Suburban
0.6549755842216898,-1.9685042134380537,0.5136144642310962,0.8107986455917099,0.03471374875256186,195896.25639423062,Urban
-1.169916835710288,-0.5327008396619114,-1.5947030672667954,-2.8722622132816493,0.5136001065697166,198591.378354768,Urban
-0.05020461704174478,-0.29967664800678706,0.03823799496002834,2.620793091029975,-1.4485914146335441,194828.5453608011,Suburban
0.594754341665286,0.5639091200523596,2.439752406339273,0.8534155587803077,1.3842728185105182,209103.24976483264,Urban
-1.0551076754804494,0.4802605014059249,0.6523061516102304,0.8227827808340025,-1.6313351104170732,202727.98391197957,Urban
0.5667717261841796,-0.11480224875906367,-2.0993562644190256,-0.6573725539947244,0.683223014788808,195010.61873690068,Rural
2.0997217891665154,-0.06613261462582246,0.2658782296520485,-0.24702570074599667,-0.4367197360405955,201605.84850364912,Rural
0.3696421921980939,1.1731246375866413,0.6969544045107356,-0.10730214400422888,-0.33381948975600995,207590.78042680275,Rural
-0.9483480042242007,0.5972282182533848,-1.1755946056248516,0.46320629209912306,-0.8950698422766047,200369.01890840265,Suburban
-0.9206735930793662,0.5387559924463692,0.5583269125217224,0.169360824036078,0.0760053914124115,199617.17802394278,Urban
0.8623934723827588,-0.6267172245899651,-0.971656734541286,0.9531250453760867,-1.3796181647889305,191942.6362233003,Urban
0.1986800095474069,-0.9849931258170151,0.02263085267686914,-0.07906734186455629,-1.4055630538562867,193626.97230282112,Urban
0.08840688629184736,0.9553052085705107,-0.4532280493272752,1.4775300810552618,0.6963874474567153,203528.5228650974,Rural
0.2606737658239071,0.4940301862827388,-0.6255627015095294,-0.5503051538454201,0.39580353343740904,202057.78178795,Rural
-1.0147594931858521,2.0860470495371137,-1.1818741254208012,-0.36146276669398575,0.44947391283230687,208929.45899420034,Urban
0.4441983272906719,1.3845320475939062,1.063940987560856,1.1013229577357622,0.2525688459966235,209099.96058850133,Rural
0.058022734808395225,-0.04282338131157488,1.2374381346841392,0.8484308822052846,-0.45730165508679,200249.83823309,Suburban
0.058208718445999896,0.1537251059455279,0.3853173797288368,-1.142970297830623,-0.883857436201133,203865.09049369846,Suburban
0.23070090571868349,0.020886488295961788,-0.17585440443207118,-1.2601647651725802,1.6614701657280182,203866.09134844755,Rural
-1.2926253471522626,0.2078025073533134,-0.14702542343084998,-0.5321685631271895,0.8407344821295493,200795.15090082271,Rural
0.7189533106650667,1.185704154662997,-1.0469109826819396,0.9960476858058164,0.5366527525272862,206573.12775553373,Urban
0.597400069849858,-1.2276078151369925,0.9640871682883573,0.7011727423108983,1.1894704889246406,199013.60397018545,Urban
-1.1115802495135512,1.466540859278603,0.3131321400131553,-0.035825578706462934,0.6870657958589163,208217.16285843292,Suburban
-1.9080021371233076,-0.7999405067019342,0.6928575842374367,-0.39305275706140097,0.5825713188088052,201799.57555474184,Urban
1.3508523306990055,-0.758765257935375,0.09297924652940966,-0.6536791406374189,-0.4684961133603157,193582.84299901803,Urban
-1.4084612963635597,-0.7043436905427592,-0.5227230205190395,-1.5566291735239037,1.0490092258368893,197023.87188097148,Urban
0.4182057558879721,0.4258436586298291,-0.6073544332122114,-1.7760117540484022,-0.07722104522304557,198443.12461748815,Urban
1.2292147842970504,0.1786947168104756,-1.1195461283831687,0.6030946849488336,-0.39352985596972884,200781.9728309932,Suburban
0.7579218499236196,-0.7309562757154733,-0.5353350870162231,0.6855077387902041,0.35845361820962024,196910.17030428187,Urban
0.5629692366905709,-1.3985675738191412,0.9261775475316414,-0.6506425691218269,1.9094166404701305,200354.8027763256,Urban
-0.3570292008066094,-1.5178737466808094,-0.29396694766418224,0.8903831635197862,-0.07159925185806683,187930.90477007368,Suburban
0.2243396567780826,1.0743180127155614,0.0516609768510798,0.9040175547613144,0.22907468820570256,206301.73101401998,Urban
-1.8363597837703973,-0.26864575330974255,0.01282864354368512,-0.43277388358838864,0.479827035366833,196517.45894868107,Rural
1.8071966436378852,1.4509275482792119,-0.07744346072599365,-1.6826586941226858,-1.1952937635992447,204495.3031172462,Rural
-0.29175863225853715,0.7595148874861078,0.9976320769202445,-0.059826143529903696,-0.2867942357382693,204410.0086799539,Urban
-0.3596296724524624,-1.7858664919341112,-0.8484286341908146,0.3011073391917421,0.5731278132412001,192411.59148183817,Suburban
-0.3883469383011584,-2.00745686074501,0.11314045705302281,-0.30561911106831297,-0.3631166611555665,191804.26484649186,Suburban
1.0237095461069814,2.012270445700765,0.38680852068920263,0.24930859564172886,1.090980425185967,215310.89335786377,Urban
-0.42924442029866183,-0.2666523292344148,1.5334337012963255,0.5885532697707198,-1.423957152450145,196458.46438754033,Rural
0.7175422557959623,-0.26940683444455776,-1.183258512665775,1.502357052096028,-2.0392321777601006,191781.47375213457,Rural
-1.86653661707306,-0.7168223206028049,-1.141689114133505,-0.08268068584269925,-0.19365945927971812,198239.2286683183,Suburban
-1.2932729578711637,0.7197579421481819,1.804348109786743,-0.9564363768180087,-0.19090379172729868,207626.59625444334,Rural
1.4436320034688142,-0.493122822399772,-0.01383774609423725,-1.2565068942792563,-0.6897277740641738,194953.0117349227,Suburban
-0.2739930818293042,1.5628887685081978,-1.703871586826719,-0.24338397937501807,-0.9244659881295544,206747.35960382206,Rural
-0.87847380134206,0.5008315910042116,0.1680153405325285,0.7424589135926203,0.9452115346114836,205545.36165795947,Urban
-0.8449414385934964,1.0094717885959688,-1.4152671919241875,-1.4990159604584012,0.21853404241094568,202046.48590004272,Suburban
-0.6520888885930607,-0.8476339286190848,1.80930634973311,-1.0896330373423884,-0.21804589539237385,198676.35184997902,Rural
2.5115565515844236,0.3467099776049199,-0.531454551359215,-1.8400777445057528,-1.5678594253654559,197490.32933910127,Suburban
-1.167779551267935,1.4769344261182744,0.29562448874709507,0.2167755637626291,-1.5166425494207911,204534.8816059968,Rural
0.7835896647986067,-1.8518427315746586,2.169936588080543,-0.6786430612941032,-1.423682636883923,191258.7565187783,Rural
-0.3748220566218061,-2.9069882193216414,0.8419836954521269,-1.0385438208439723,-0.36920720044744615,187532.0154480944,Urban
1.1906462747863413,0.43693816974634986,0.1605739810498646,0.9495541354413237,0.0030460201534144695,206734.88527982688,Urban
-0.48827384245154465,-0.6298845523638104,0.5925672738473307,0.6333268260712385,-2.704391631602775,193815.05938811263,Suburban
-1.2883076174635377,-1.276304416538336,0.8890371222798921,0.2927154821418534,0.5737444210044131,200713.23285497818,Suburban
0.3113086734428849,0.19729226563120644,0.2965755451407618,1.6999573745763805,0.4631847952675847,201138.8545797762,Rural
1.1356201471829441,-0.23655528721894603,1.7473631979155582,-1.1062935124116342,0.9321915642603847,203014.36193460232,Suburban
0.47347189903522846,-1.0211624575603002,0.4430021304473752,-0.26764109089879357,0.9515497705740428,195050.6840408895,Suburban
0.28328787154614216,0.2011596558728393,1.1876793884615637,-0.25890497370407733,-0.4646172972983931,200246.37275353752,Urban
0.20760335140062577,0.9577916144729056,-0.6076463453734726,0.30767665340111383,-0.1373109657888796,204576.46016616916,Rural
-0.5297602037670388,0.32875110965968446,-0.5017570435845365,0.5132674331133561,0.9154021177020741,202310.17303531576,Urban
-0.181224173218103,0.7441919714999368,-0.3583401520212222,-0.649373038321426,-0.6475418056351592,201402.44375392149,Suburban
0.6153674840130534,0.738810480887503,0.5131057981760827,-0.9354387020445953,-0.2595466775839172,206233.56542577787,Rural
0.6934789119139937,-0.8627757640431206,1.0971527117536957,-0.3920126399191296,-0.47883745600840416,192959.8455308905,Rural
0.6585442726728304,0.334456789987025,-0.38770155993598415,2.0102045387663496,0.28586539072490497,203679.59946660808,Suburban
0.26426827164563654,-0.11464083550639245,-0.2656045602861052,-0.15011695125380659,-0.39987823866837147,196779.3027190853,Suburban
-0.637739984251316,2.4553001399108942,0.4924512640081491,-0.5309969550018176,0.2891686439078181,214112.81887369987,Suburban
-2.296180953137238,-1.4438548161335418,0.0005279588565972928,-0.5505368494915835,0.6012067489291149,193446.92803511902,Suburban
-0.413465161123276,-1.3260476860820383,1.4484992298929262,0.26028050658288615,-0.35976864578908574,195514.29207456176,Urban
-0.3164084496948019,-1.092312764672579,1.091310120594269,1.2130976999791834,0.609138120907177,198889.20625725476,Urban
-1.7863754653546866,-1.6380290574360168,0.9955815140020298,-0.6220348055543814,1.7031726099180378,198357.2552762424,Urban
1.5091310134045506,0.18568858041873892,0.20323595458603103,0.605606232631313,-0.45763324933761523,198546.87217302684,Rural
1.0587285298838789,-1.6685992588781953,0.012499321907250335,-0.17280173739646437,2.8684030556667683,197044.39461610475,Urban
-1.6394841625254342,-0.22954865536034708,1.472670675750982,-0.39247110606087293,-0.6039806259692295,200916.59837609995,Suburban
-1.0147567306928669,-0.5816809139486437,-0.3791277409874871,-0.6492775450660071,-0.20358036010236177,194804.45202914576,Urban
-2.169677417725702,1.0768481446576803,1.6773770878054892,-1.1941894010922893,-0.8051717517428763,206653.27645710058,Rural
-0.38502181171286365,1.3883377782084478,-0.4997301761516306,0.38298898474092846,-0.5262478565174211,207861.26898387825,Suburban
-0.09917586377938291,0.650201177958661,-1.2803043986708944,1.8466369960476658,0.8724573282801447,200720.7916801683,Suburban
-0.294455757588034,1.119244917564096,-0.2357112448566685,1.452755545126183,-0.9394632419859826,201833.47576345765,Urban
-0.1449045790814313,-1.5375847964491753,0.5720062783004729,-0.44594371386116016,-0.7047284356108838,196279.345995488,Rural
-0.23401985910698136,-1.2575778589146163,-1.0150941918278686,0.4663583744463345,-0.8108575112103382,190400.00080632092,Urban
1.1692955904456728,1.066674689589154,0.820482181197364,1.3821589910375272,0.5072740311072977,205847.78684683063,Suburban
1.3286408282482312,0.10940847183297006,-1.6312758154609455,0.31318447386498,-1.2374266382225725,196555.80940745762,Suburban
-0.4166253056154625,-0.7160434362758403,0.35947579754712555,-0.06312301311124825,2.3490757867007575,202632.5880855531,Suburban
0.1579743122514517,0.827115428565768,-0.5182526388612024,-1.2719190011127228,1.3252760904370375,206257.78841415688,Urban
-0.09170602414512598,1.4244958212469476,1.0354434164169448,-0.8877695115385407,-0.8360621521000247,206565.41204554116,Urban
0.3116528560047783,0.38130961226478466,0.6188862980231536,-1.5189108250900678,1.638359732270941,207502.2444065524,Suburban
1.1428228145150205,-1.168678037619532,0.30154734233361247,0.7519330326867741,-0.03471176970524331,192040.22989260533,Urban
1.4532754760425446,-0.34730228895784293,-1.1794596645077804,-0.07823065905851781,1.4350873992222355,196680.88599799058,Rural
0.3227185603380895,-0.2886586389201383,-1.0025293646378088,-0.827230943552323,-0.01851313599238993,193891.312128908,Suburban
0.6220699903060487,-1.3122191934314063,1.4313667818311835,1.3289333195354096,1.0817667276728287,193977.26231257676,Urban
-0.9399031011088647,-0.7691423497872982,-1.6075598643689741,0.8294748419317485,-0.7627247785662142,193159.61559421994,Rural
0.22054142701386686,-1.10486279306252,-0.5482687949250771,1.2179591523055584,0.8333339117803071,196236.87703752128,Rural
1.0826910538870733,-1.5473039889383655,-1.3354815690998914,-0.4711246518178786,0.486036289417637,192173.45732040776,Rural
-0.5260348426675804,0.49201884799279927,0.6988284202025348,-2.1533429198712444,0.4209729443893898,205634.44065954897,Suburban
-0.30356432526591504,0.02620475277403566,1.0071572005966691,-0.0809173376626882,0.5179947763914519,204294.78518081567,Suburban
-2.4263920705352082,1.2840957939481172,0.3957988487097471,-2.3869298701956727,0.26355081195478497,205444.7407139418,Suburban
0.9983108981479604,1.5213160519224513,-0.3223204692113399,-0.4316203127180484,1.2171585208254965,206577.856539528,Rural
0.48937456122791806,-0.5245202662797737,0.7216720640432351,-1.2221278088919454,-1.1290517712172292,196787.10075140168,Rural
0.6663125009092119,-1.148794035158656,-1.0858251288851855,0.4625912928539512,0.6793732829565033,197380.55091860873,Urban
1.0584244868495878,0.6860514599984393,1.3686315575323487,-1.7587394864231143,-0.9649234605801045,203782.5716293514,Urban
-1.5327005598899308,0.24300472205439969,1.1918993344135729,-0.1962806513879368,0.9500158286696456,202408.68619306953,Rural
0.24380071377119883,0.7083564472993533,-0.5020542243526112,-0.5640786307367284,-1.0212328171307132,203413.7993754769,Suburban
-1.2110161997624567,-0.06607979864731657,0.6385924587773739,-0.6518361078021592,-1.6615200622689599,198590.77803137287,Urban
0.15175799224874037,-0.31984752325484395,0.9873345165891019,-0.835142901630023,-0.07595102364252276,198657.08965249028,Urban
1.5774532797634744,0.24938368371075526,-0.30777823495300083,-0.0952955323869521,0.21915032766393897,201568.4134301715,Suburban
-1.0952705188428047,1.2024512479830722,0.7826298263165181,-3.1767038131960006,-0.024232833869692147,208981.605813957,Urban
0.9553005582377528,-0.8892408282283243,0.8691545924968965,0.8760467925297942,-0.4555395260238707,198827.78832422826,Rural
1.4273053642892164,0.6523303381766798,-1.5958939685741134,-0.4194347526585506,-0.7390286580232329,202567.35221364553,Suburban
-0.661786464768388,0.18645431476942764,0.6339190223180112,0.852433334796224,-2.025142586657607,194625.84542980406,Suburban
0.38632331781156,-1.151014083619507,-0.29660745906979835,-0.20447122098612153,0.241321934916781,194889.44427421194,Urban
-1.1306153349375263,-0.7582820688875902,-0.4516594761596227,0.6227112239002686,0.19502498402812674,190371.5915459276,Rural
-0.1891203907770335,-1.3303136257389898,0.10435593752321293,0.9216501119244593,-0.8987840483231282,194659.10421745136,Urban
0.25755039072276437,0.17457781283183896,0.4040508568145384,-0.07444591576616721,1.8861859012105302,204755.5557265308,Rural
-0.8874921778021001,0.41953244390702776,0.648280433843859,-0.43745830032341043,-0.12094814860778157,203364.26248674246,Rural
0.9567023167945841,0.7081086766885905,0.1335409047822823,-0.7859894605079495,-0.1524698363805439,201681.26649509667,Rural
-0.3276621465977682,-0.7020530938773524,0.09707754934804039,-0.39210815313215763,0.9686449905328892,197843.89080413038,Urban
0.4810092317367132,0.725766623898692,0.1292211819752275,0.22388402427913137,0.10939479460489289,200456.52506645897,Rural
-0.4888494217862741,1.543243528272189,1.088748619704186,-1.1196174332890112,1.884586305934609,211860.46769061327,Urban
0.05119790188108534,0.04522270899998256,1.1806409124521446,-0.501784192811532,-0.6273134459513029,205872.6466379828,Suburban
0.54090851856099,-0.3849428884100812,0.8468821038849139,0.8761691671912328,-0.11522423255219759,202610.23196194944,Suburban
-0.2590421458207031,0.23878915902651351,0.43004164719106963,-0.19634984908497827,1.0302834540318422,204205.25189809964,Rural
-0.718444221252436,-1.4074637743765552,0.2320499373576363,-0.21344715171184725,-1.4480843414973241,191435.81127505892,Urban
0.4735924306351816,-1.0623037137261049,-1.5506634310661327,-0.9194242342338032,0.06856297480602733,192918.4860995161,Urban
0.13653533108273744,2.013387247526623,0.4599721429391164,-0.3653215513121087,-0.6777153697521061,209764.3200141294,Suburban
-0.36283856043965906,2.2988981236192503,-0.5172884501003722,-0.4455025214007718,1.40934744018558,211221.13681677284,Suburban
1.0487071264165635,-0.7557915001583629,0.2514736089405121,1.6554071130882952,-0.1942691319785193,196415.8437750811,Rural
-0.20035257779416388,1.356583385827982,0.24312345851289308,0.23184209213484805,-0.29424250563645765,206910.4223327355,Urban
-1.189232465077129,0.29724427338012405,-0.6328802748847919,1.0539857711828762,0.18932830729237413,198983.69318561666,Suburban
-0.7345915767980492,1.1647393544571714,-0.03564148229748357,-0.810252437014381,-1.6151318159055095,204604.45377912297,Urban
-0.25495579355369785,0.5488838353173644,0.4818660617184915,-0.12545426000290022,0.547264797377967,203950.79089683754,Suburban
1.2395840064415615,-0.9181269834165748,-1.2935076252040958,-0.39622967810175985,-0.695694877197064,193759.80778953296,Urban
-1.0797363212758484,-1.3585740152574743,-0.13213658890154725,-2.0217986399619474,-0.5237313027714218,191415.18161492853,Suburban
-1.0243876413342898,-3.2412673400690726,-0.926930471578083,-0.2525681513931603,-0.05952535606180008,184325.423431221,Suburban
-0.3011036955892888,-0.11564828238824053,0.7384665799954104,-1.4785219903674274,0.1713682811899705,201155.9184831681,Suburban
0.49568188797260465,0.8700677306887542,-0.19068240076334658,0.15041890514357642,0.21743287317972287,202665.44920898764,Rural
-0.9822940342546795,0.4535087125544674,-2.4883273534129895,0.058984221589597374,-0.6582484123338483,195217.90148757008,Suburban
0.3958197810959231,-0.17909328501615626,0.03402741107223205,0.6928557558178116,0.11137260184005242,200580.33213855105,Rural
0.8901984111247868,-0.9242331442683044,-0.7584953347000695,1.0352493347237526,-0.23040071420576733,196043.22240411193,Rural
-0.1416485860101269,0.6855897462984164,-0.8063769291180498,1.1663705456692521,0.07569494000509344,202893.13367056567,Urban
-0.09791524644290406,0.5222506360177785,0.46654531145012695,2.2724347204468818,1.3462257562027482,208444.07455900853,Rural
-1.3459796802467485,0.8712972974572442,0.5866938014752747,0.12637957954641182,-0.47490365662252443,204729.27023581072,Urban
-0.17435425790283585,-0.02355215087423812,0.5646059258936003,0.22530792204094158,-1.0196643386921156,202088.727972173,Rural
-2.6042138566271342,-0.42076179368105326,0.3636318826249679,0.19894814679649453,0.8868873900973003,198645.20634373208,Urban
0.09933230542922587,-0.977555244798551,0.755391225825756,0.751387123371789,0.5009171876243808,196439.73246114008,Rural
0.5859042011646491,-1.4068150094975382,-0.3220281544920584,-0.736770135947622,1.3254321090950785,191130.97271785553,Urban
-0.21220896990115168,0.07203686128374476,1.5163940552535728,-0.9519184600222356,0.6021183203924835,204492.21939192447,Suburban
-1.3971181851129912,-1.28716356858425,-0.09363618873917084,-0.5835993263460049,1.32579664754219,196676.01419680956,Suburban
-0.18689615816198485,-2.9911359709007233,-1.1476913898156673,-1.6304732437151401,0.08520944963390106,186783.14942958456,Suburban
-0.04347694981386243,-0.22939074406802776,1.0473177066214483,-1.5311075025557221,1.1695899924277735,205487.87826648343,Suburban
1.2235688824186275,-0.053120653017545344,0.3721054726068629,1.0964692338108837,0.3891591956679287,201165.58527790417,Suburban
-1.3554475031122892,-1.7938924978678903,-1.153332403205745,-0.7090209576304904,-1.6873443471107104,187190.26004036877,Suburban
1.1628385775349859,0.8431053323232401,1.188596823087008,-0.5800163326536847,1.849362141386381,204361.03253924949,Rural
1.1792971840638264,0.11567463429285867,-0.7484865365565536,0.06751848141010895,1.551151975522523,201381.11839675345,Urban
-0.2716551103260533,-0.5466800845872654,-0.7217375533372533,1.673452090298537,0.17682087213939798,193969.94959572997,Urban
0.08228398927542419,0.889630795623437,-1.485560373036972,1.0654803750653512,0.26705026586925884,203465.7520903147,Suburban
0.3361449630262288,1.0071333364731596,1.1464408704007276,-0.22747625995340778,-0.9733788380270346,204986.38672031937,Rural
-0.5138669173366935,-0.9398797863273552,0.6696725488300385,-1.0592135218889516,0.36659824609684827,197880.64795780525,Urban
-0.6500025808234597,-0.22485598180807856,-0.13125696709230472,0.16865467196672768,0.07685188295876821,195324.48706509778,Rural
1.494938227453236,-1.7312013034449254,-0.08923415422144892,0.041325632270618466,-0.03757064497948127,191585.08986148646,Suburban
0.14506374595938162,-2.018487864388638,0.8580141953021454,0.7931756882186773,-0.8281962729652346,188764.36447021156,Rural
0.39913611435207086,-0.5449190868089497,0.2110174672026184,-0.037634702424848364,-0.09671311187039239,198930.8070444028,Suburban
0.19484234027013805,0.46027162498230384,-0.7380570836613916,-1.0196953197088567,0.1812511626020504,204435.0035182204,Rural
1.2897527540827456,0.38115838488277776,-1.7607627591558177,0.6731813512699584,0.7533416211045325,201358.29623365175,Rural
0.8384907744516419,-0.006070911539893324,0.3885786045309641,0.08182935854756501,2.4929995174327906,204126.89805550157,Urban
-1.7025836042378404,0.40825275571447184,0.19584525509768155,1.0291556373256436,-0.978372777615032,200738.0579096268,Rural
0.16048962397348007,-2.0864776583710847,0.36414029605466136,2.212531039397242,0.007178466907941942,190708.79032284505,Rural
1.1873860515647512,0.985729995679863,0.4283070972076486,2.589563642018614,-0.18714426500454878,204389.14953127492,Urban
-0.10322175293249623,0.3904648499288896,0.8508979621679722,0.26536234939962844,-0.13737178839939665,204230.14356359388,Rural
-1.5642416117110514,1.9764405845154855,0.10589445311523424,1.617212574968624,0.5844129804724842,207867.13413337572,Suburban
-0.02230028371805305,-0.2215132629521239,0.9567031863856584,-0.6888855425754056,0.5169465157483709,202112.77275130159,Urban
1.1243533598705027,-0.062191016999311004,0.5142547560178349,-0.3340772309799405,0.5720574417141441,197213.40036719127,Rural
0.8913036868697555,0.3379575282321183,-0.3882430535215389,0.004229858994151577,-0.05592044852221312,198404.88477382087,Urban
-0.7666565877833479,1.9925153531681183,-0.6058608207588934,-0.5495571359085801,1.7193779062072967,209404.08637662153,Suburban
-0.9355962987624259,-0.589112132781127,-1.1869933883057446,-0.17791787580439816,1.0578141808207961,199476.69173951296,Rural
-0.35316629281068834,0.19438430157733602,0.5796331732135757,0.33848384346169114,0.32579631658216646,201005.0102913939,Suburban
0.4929864585144592,2.196223142152799,-1.5431182279428703,-0.05751775300546313,0.16429476537056906,210247.0826279736,Rural
0.6713400764504657,-0.1601327955666404,-1.8751724696457446,0.21319662823768915,0.11502607914741717,195938.5687425834,Urban
1.311693449272661,1.6350663945275195,-0.21596052035023222,-1.092141593428733,0.9374774925069249,209018.27767524202,Suburban
0.7034279167873088,-0.9741218462163683,-0.4235985817281771,-1.307369782230964,-1.3656174041901494,193409.10437494068,Urban
-0.6526239793023909,0.8406435489887241,0.12810441491078928,-0.4461834332147797,-0.6810516574748808,203378.53694538376,Urban
0.9817654869915943,2.2524358053443088,1.0098170893426341,-0.32483138350862245,-0.6881503451777238,211744.76215224667,Urban
1.5646436558140062,-0.03582603910995154,0.36139560550841393,-2.6197451040897444,1.5380365664659692,203509.97128062247,Suburban
0.19655477651157463,1.4469778843537329,-0.18687164416135904,1.0318445394686349,-0.4397310582741749,211203.4957740754,Urban
0.9331280723410693,0.33260751032419755,-0.3150867311941086,-0.22272070077660705,-0.5717460419560614,200965.98369877707,Suburban
0.0341524174880246,-0.6757080791616118,0.34767648353833636,-1.0872459388628026,-0.4872285641135523,196581.76619230834,Suburban
0.21539650545628794,0.7682072166317373,0.14125714008746323,0.5082686396745896,-2.1305664798072006,204192.6937371072,Rural
-1.1065259087416703,-0.26888869055483056,1.8489560949453452,2.5733598032498604,1.1265650295477574,205325.52172284323,Rural
-0.43676423723821745,0.8260471714415063,-0.3695269288333586,-1.6065771007386793,-0.1314725956716678,202143.62383979297,Rural
-1.3717431292635056,0.9788895585567792,-0.6143231440962944,1.6087808557343735,-0.7097889922335351,200560.11419483525,Urban
-0.2188662517356257,-0.3033500674771342,-0.6375875420759639,0.7662429750405095,0.21668311896428621,201941.73069879733,Rural
-0.7557451594928447,-0.17495975669540864,-0.6680904536430488,0.5365098435704035,0.9920423495365228,199231.59446635924,Suburban
0.6105857452838231,0.3801978510059632,0.17770100093325383,0.5597904479310398,-1.3353443587101013,199753.91487124877,Rural
-1.6019658118971685,0.0754336389015928,1.639964529371393,-0.24606248812994858,0.7421274910718922,203892.34555842783,Urban
0.1973157074055956,0.08865759096143744,0.9653974845911707,-0.6176518954343502,1.2361307218062179,206329.02878141706,Urban
0.8970661968871322,-2.205566057099069,-0.18452535765584954,1.2748750412787222,-0.6047446645382127,187888.85109971114,Rural
-0.6269670577877674,1.77080063563551,-0.7031764251258874,1.8124485579969287,-0.0349884904969617,208056.34352126776,Suburban
-1.5537587660160643,-1.0718572330401555,-0.07576428653545988,0.8178896580250287,0.6704806172412126,196176.36979229318,Suburban
0.4734074157124664,-1.0461210850625042,-1.1889634195349619,0.29094736433948537,-0.0498801541281177,193799.8401473746,Suburban
1.4765403497258958,-1.5763921569842494,0.8836599374866724,1.3800913541474515,0.6523228784134196,196800.05890782212,Rural
0.591814133741378,0.6728612359668199,0.4384757388097273,-0.3540407109410238,0.019616657693989903,200966.16367393284,Rural
-0.5711789897827968,0.6408428612670098,-0.2811002928859549,0.5725827813561586,1.7976865268495226,208712.29280438647,Urban
0.45060341286253885,0.5723903111756757,0.3614173172731029,-1.869816339532164,-1.2931415437586478,199848.95407595695,Urban
-0.6516003476058171,0.045571839903813784,-0.7303666317171367,2.1439440893253257,0.21645858958197486,199364.99315996084,Urban
0.49097495163825133,1.6073455760199926,0.28257995048829965,0.7348777860498175,-0.24869112618354708,210731.25845100038,Rural
-0.525755021680761,-2.123895724309807,-0.8397218421807761,-0.759132661553698,-0.5993926454440222,191165.99249786016,Suburban
-0.6078219870944325,-2.1218548990085946,1.3171150673398653,1.2969945465611092,-0.11806852699107874,193135.98948463058,Urban
0.647195939702741,0.39922312260527926,-0.2573765374233451,-0.483186462299374,-1.6685840738775894,196742.67602630748,Suburban
-0.8505204542093001,-0.20902325728602528,-0.13845598398377382,-0.5805234498047227,-1.2242982362893657,198027.37547502603,Suburban
-0.5376457577798165,0.36016418394576694,-0.3004659487207037,0.655403829850237,-1.0056013756894657,200460.02634509225,Rural
-1.2096947428411076,-0.14408755572161547,-1.9754665663538713,0.5999287299962045,-0.9393353938187543,196237.40752957377,Urban
0.9863765059059371,-0.24638340251454802,0.7938184671438157,-0.7119732272589228,-0.29737607924310644,198938.6822869712,Suburban
-1.7397137787780996,1.1487657003721035,0.7716987106483447,-0.36244094140313216,-2.8485426206300755,200031.6508960526,Urban
0.22445181855997204,-1.4643748802098202,1.5739867632900328,1.0470983026121545,-1.2257656630023412,195308.65084315438,Urban
-0.5844552918504382,0.8089192693927194,-0.5964114079688796,-0.7493576894227776,-0.2991817724274345,202698.333800598,Suburban
-0.08912003951278841,-2.0674421000398766,0.3840654489393073,-1.3044695005048532,-0.03269474809409311,193677.01945426431,Suburban
1.085895565831578,-0.009118996644203544,-0.8984679817910373,0.4746982328799528,0.028181157369128247,196814.2579022186,Urban
-0.06418817710849775,-0.19469729611668168,-0.7188323876087304,0.09175248444837286,0.7450053128772811,198638.3560812872,Suburban
-0.35141423571373254,0.02390304328495547,1.0450884740847535,1.5634133588321082,0.14488783309689118,203501.32708795846,Urban
0.046980593764742055,0.005243699718183166,-1.594427658794367,-0.45006547147924364,-0.5993750229537729,192993.91491828446,Urban
-0.5069431753711298,0.24496657110872277,-0.8222203955664315,-0.4710383056183228,0.2436872114919123,198829.3379757614,Urban
0.32950873557300914,-0.5698329282387588,-0.04551224530124217,-1.5171736966716791,-0.4242363333980435,193661.62592156098,Rural
0.38961417737090387,1.8709651753717822,-1.5859833122379583,-0.8682927318763665,-1.879924385139045,203675.077313494,Rural
-0.12373268009975662,0.37006111526895535,0.2668183962954019,0.45780560992578473,-0.33912227927003874,199299.20966597536,Urban
-1.3659557112005343,0.6835693232004776,1.0599363840466218,1.2119439853864005,0.6170059495766975,208842.05240823768,Urban
-1.0577109289559004,-0.013497224737933921,-0.6017066122293969,0.822544912103189,1.8522781845089378,202119.42560365505,Urban
-0.7355299425897666,-0.9039076414647897,-1.4137144969049802,1.2360931752104374,-0.11122606134870032,192079.1062387565,Suburban
0.2965769385303051,1.149672018878747,-0.4949654803680731,1.2676515111879738,-0.49757249830921385,203201.61986567016,Urban
1.053802052034903,1.083051243175277,0.3577873603482833,-1.377669367957091,0.5607845263682344,205031.71175117744,Suburban
1.3454200461549777,1.8820244964750337,-0.7904744554453119,1.593186626639397,0.4714683571359957,207881.15892096696,Suburban
1.3668742674445247,-1.5151910621985523,-0.275051697151644,1.6449677135012837,-2.301921164735585,187972.1443839062,Suburban
-1.7485319732381808,0.793488720552213,-0.1343087414705478,1.3043402428781525,0.8108082731597821,204765.75415408146,Urban
0.26739231407190295,-0.29027454418865134,-0.09888965319114267,0.3216978061960136,0.9190764829877686,201173.68911624982,Urban
0.42934082280173436,0.7105491022977853,1.00163182520856,0.3796396483859655,1.3934545275244314,206072.15545235964,Suburban
1.6744924333475373,0.4577728661518858,0.4395012306202264,-0.005596018829046555,0.7789365035121141,205288.97147044266,Urban
1.6291663649009451,-0.965664803523208,0.5027448074908146,-0.581782033392054,-2.4932708203300775,194385.4820842428,Urban
0.8496020970210246,-0.5893647569442115,-0.20812225035727522,0.35701548596504734,-0.4930009346588328,197900.52111977182,Rural
0.1847104747810833,-1.2549226680022925,0.18947982122108065,0.937915537510655,1.0074439731951985,198213.20129378757,Urban
0.9235086160473687,0.7979945496122363,0.2412402484067293,-1.0506233218278012,0.08450514569286258,204626.68623542076,Rural
1.1890165311075518,-0.6373871273065177,-0.6231405264247644,1.4205042479898549,-0.5554771191602547,197723.65360692312,Rural
-0.13263374638257355,1.8998819348952156,-0.24125765461854246,-0.9745293046706415,0.6725737012027313,209035.79341090916,Urban
-1.1254890472983765,0.2799686263198203,0.6543656563540577,2.4457519796168263,-0.05558467091045507,200818.88458334835,Urban
-1.17223375343664,-1.0425776946705763,-0.15032046027187207,0.46436986354657417,-0.32669621318636405,190949.51850954007,Rural
0.5906548306923093,-0.35929209078705954,1.8467073257360336,1.1087035805829077,0.5839281853259639,203059.4974322393,Suburban
-0.3405987069098615,-0.2725447213618092,0.6958638390937854,0.5001430331138838,1.1734422766324448,202094.6820762126,Suburban
0.20726732939894396,-1.0039573720814985,-1.44964521969853,0.06934433703625043,-0.9218598131253132,189375.55237564998,Suburban
-1.1033666061738736,0.5079913269125437,-1.331232953557778,-2.152890592952483,-1.8362053731032966,198957.45416567422,Rural
-1.3650217954266353,0.0340080962281468,0.9578396311082676,0.7014947819247145,-0.7908817916945654,200502.37783179025,Suburban
-0.6469367777055739,0.05963036992017413,1.3993554365860021,0.6982233136135899,0.9246336829127688,204702.90956628913,Rural
-1.0040545968420103,0.34980002456790754,0.18383451632250436,-0.09546424708907303,2.6930336639804966,206373.3672542778,Rural
-1.2905614219462187,0.23855495377373917,-0.5012341077902127,-0.14325891536419263,-0.44854283652786137,200686.53912533203,Rural
0.10248464215820753,-0.844324037183071,-1.132784951267745,-0.48282759080691834,0.35037021638633825,195595.73797828605,Urban
0.7441857103150346,-0.23596998721097162,0.5964411375817527,0.42154608353656126,-0.6342858476894031,196055.32321531302,Urban
0.000682818957482628,2.049812095785926,-0.8239354869719996,0.7821300015314592,-0.7191094514491859,203504.25850039517,Urban
-0.9680457585102453,0.37976763604089603,-0.3975577654917214,-0.31030770538490365,1.2376537575119981,202222.60539025615,Rural
-1.1302037246739238,0.09337237427665124,-0.9600462952794637,2.411676675578421,-0.12270893359572414,195899.55507356924,Suburban
0.06167984984797165,-1.015821818978397,0.20056919723094285,0.42881650033057295,1.1486373494287152,194762.1947672182,Rural
0.12557645347154225,-0.15005558703252672,-0.29756350335999193,-0.1730718242838696,1.3757068133116195,202812.80025180313,Rural
-0.37231905293792283,-1.8831502080585838,-1.8800100339077637,0.4373131870389607,0.7127120288613313,187872.17959451626,Urban
-1.060605066396601,0.05225849049748321,-0.09139955750911445,-0.7170161491279362,-0.08087849786546131,199609.5766171417,Urban
0.42548993324023027,-0.336254738681072,-2.049941278577478,1.197246923645228,1.1590740649558977,194966.9561241737,Rural
-0.6315777291653314,0.8953554307625996,0.6295295842218108,0.2531652380379812,-0.8043157596599924,204160.48666554733,Suburban
0.9495945713644882,0.5483196275544987,-0.09184476433495513,-0.059415181272494094,-0.08743532877718108,198815.520137016,Urban
1.1785126897984228,-0.005560293648070566,-2.391956204313024,-1.3734028889697492,0.8447743757816999,196056.90526495225,Suburban
1.1126883749899252,-1.5223591862178911,-1.0293715081820716,-0.6292633936927887,-1.3526702858435344,189375.39945980546,Rural
0.7109599682034915,-0.3748208075495975,0.7129984301723881,0.44426331148603976,-0.24032539815813503,201899.19954842055,Suburban
0.9514492770580866,-0.062004009366031745,1.7041055162554912,-0.36650702036805183,1.2468917155347194,202740.96805666105,Urban
-0.5123742406766936,1.44194500580189,0.06783851391693768,0.05586393984449697,-2.0199273321561364,209094.25803848385,Suburban
-2.1715714047604475,0.5457867135323555,-0.6135876053627944,-0.00811320161175029,0.19624094066672046,203404.11149280952,Urban
-0.9784995458666064,-1.690671627606452,0.2790838583451852,2.7552177437199017,0.29156367668197275,194591.8374052387,Suburban
-1.570500603623177,0.918316606002313,0.17989415115347845,-0.9896281365703375,1.3920022863445993,206797.77043464332,Rural
0.6647027453331099,1.3035079319347591,0.017613251933657315,-0.552920837367302,-0.97536602727825,203208.247391293,Urban
-0.5098066931908826,0.44921872128503426,-0.38852077518300926,0.03444101170584135,0.19042388992505774,203787.8313098027,Rural
2.463242112485286,0.06023020994102644,-1.9187712152990415,-0.19236096478112252,-0.026513875449216878,192363.28264972818,Urban
-0.966246319753254,-0.484173951248737,-1.5428032182428997,-0.17537845589869072,-0.16063111952549436,194885.39710403798,Urban
0.2314459225255723,-0.3780078990182172,1.9412174364637491,0.6464895377257707,-0.8783230771797389,201180.6115193704,Rural
-0.047711356141979855,-0.966976143129213,0.7858001586508322,-0.0036025390905684044,0.42545756178496474,199675.90325201597,Rural
-0.6771617115121117,0.07580455819372633,-0.012246772846914623,0.9751197334177512,-0.8972543714858315,199240.21819807368,Rural
-0.4561208274741882,-1.2961166642498945,-0.3519213178165091,0.18142662011397137,-0.7699960661974573,192714.21007961128,Urban
-0.06413834659299254,-0.7542758500193579,-1.146345393018688,0.3287624103034804,0.30263546523903323,193643.35781739745,Urban
0.06980208499001891,-0.6002168771587947,0.46210347426327075,-0.3853135968617602,0.19905969557347003,199871.41186923208,Urban
-0.5182702182736474,1.477894044741516,-0.21967188783751193,-0.8084936028931876,0.3571125715117464,208818.331515369,Urban
1.7958776730955217,1.5475052013300616,0.2029230208512997,-0.6127886904843862,-1.515744114997232,200472.2363268094,Rural
-1.2021495260760888,0.20438903160297678,-0.8567720938267928,-0.39568071175626385,-0.5555467794868666,198799.92608353042,Suburban
-0.2084682105404079,-1.4840566649243352,0.508608373233442,1.2066081548639151,-0.4303093199546424,190920.19007710228,Urban
-1.245738778711988,0.21409374413020396,-0.4465149520670211,0.173180925851182,0.8563987943234723,203763.99926838116,Rural
0.1846338585323042,-1.6074832345612275,0.22745993460412942,0.25988279424842353,1.307142754282428,196504.215202071,Rural
1.592669998282884,-0.4884760801103597,-3.1704257358780557,0.01934407081175429,0.21060083929764178,192090.6739580715,Urban
-1.3495762115515322,1.0819848092499422,-0.7908993816675531,-0.41521376790527154,-0.7798529462216388,201443.54086669983,Urban
0.6897078052451944,-1.2922626951056186,1.7495839042054206,-0.5029747705513431,1.3814540786904865,200639.2825510433,Rural
0.645215585950057,0.5211224283793383,-0.05489400061628639,0.5556044660034485,0.28555407485765694,205164.01045946233,Rural
0.49968511030293383,0.23940450053537707,1.4872461553359273,0.4720022709192744,-0.580053241370043,202661.96512004235,Rural
-0.6414869090443096,0.01914777741575206,-0.6619821777966091,0.487872284871074,0.42588720619303577,201325.23487190533,Urban
0.9153902755601617,-0.8330560570007587,-1.7762463334664518,-0.5495402745955349,-0.08059974929676088,193432.1079378213,Rural
-0.46770120131189136,1.1608267873785194,-1.1196698946261439,0.3465038817307158,-1.2946814757209058,201689.1092362256,Rural
-0.5924642591528942,-1.234348871879922,0.9648516330974576,-0.02640575695892703,1.6155828235482317,197977.01366634056,Urban
-0.8206823183517105,1.158595579007404,-0.9746816702273214,0.9633761292443218,0.787084603742452,205821.06345673001,Suburban
1.057368305378225,1.218194711754256,0.5333592447054494,0.8721970000729778,0.8394685045184047,205773.1310202045,Urban
